-- phpMyAdmin SQL Dump
-- version 5.0.2
-- https://www.phpmyadmin.net/
--
-- Hôte : 127.0.0.1
-- Généré le : lun. 06 nov. 2023 à 14:11
-- Version du serveur :  10.3.39-MariaDB-0+deb10u1
-- Version de PHP : 7.4.33

SET SQL_MODE = "NO_AUTO_VALUE_ON_ZERO";
START TRANSACTION;
SET time_zone = "+00:00";


/*!40101 SET @OLD_CHARACTER_SET_CLIENT=@@CHARACTER_SET_CLIENT */;
/*!40101 SET @OLD_CHARACTER_SET_RESULTS=@@CHARACTER_SET_RESULTS */;
/*!40101 SET @OLD_COLLATION_CONNECTION=@@COLLATION_CONNECTION */;
/*!40101 SET NAMES utf8mb4 */;

--
-- Base de données : `il04305x`
--

-- --------------------------------------------------------

--
-- Structure de la table `accompagner`
--

CREATE TABLE `accompagner` (
  `idTrajet` int(11) NOT NULL,
  `idPersonne` int(11) NOT NULL
) ENGINE=InnoDB DEFAULT CHARSET=utf8 COLLATE=utf8_general_ci;

--
-- Déchargement des données de la table `accompagner`
--

INSERT INTO `accompagner` (`idTrajet`, `idPersonne`) VALUES
(7, 6),
(8, 3),
(12, 6),
(19, 3),
(27, 2),
(35, 4),
(39, 3),
(39, 7),
(44, 3),
(53, 7),
(60, 4),
(60, 6),
(66, 2),
(74, 4),
(74, 5),
(81, 6),
(89, 1),
(98, 7),
(104, 7),
(114, 2),
(124, 7),
(125, 7),
(132, 6),
(137, 7),
(138, 6),
(144, 3),
(145, 4),
(153, 3),
(162, 2),
(169, 7),
(174, 5),
(178, 4),
(178, 7),
(191, 1),
(196, 6),
(198, 4),
(206, 7),
(208, 3),
(209, 1),
(209, 2),
(209, 4),
(216, 5),
(223, 7),
(227, 1),
(234, 6),
(240, 4),
(241, 3),
(251, 7),
(259, 3),
(262, 3),
(272, 6),
(274, 2),
(281, 7),
(297, 1),
(305, 3),
(308, 5),
(309, 2),
(316, 6),
(319, 5),
(321, 4),
(327, 6),
(334, 2),
(338, 7),
(347, 5),
(348, 6),
(368, 2),
(377, 7),
(384, 1),
(394, 6),
(400, 5),
(406, 6),
(409, 1),
(415, 1),
(418, 4),
(418, 5),
(424, 7),
(427, 7);

-- --------------------------------------------------------

--
-- Structure de la table `personne`
--

CREATE TABLE `personne` (
  `idPersonne` int(11) NOT NULL,
  `civilite` varchar(4) DEFAULT NULL,
  `nom` varchar(50) NOT NULL,
  `prenom` varchar(50) NOT NULL,
  `mail` varchar(50) NOT NULL
) ENGINE=InnoDB DEFAULT CHARSET=utf8 COLLATE=utf8_general_ci;

--
-- Déchargement des données de la table `personne`
--

INSERT INTO `personne` (`idPersonne`, `civilite`, `nom`, `prenom`, `mail`) VALUES
(1, 'M', 'Khennouf', 'Salah', 'salah.khennouf@univ-st-etienne.fr'),
(2, 'M', 'Mammad', 'Leize', 'leize.mammad@univ-st-etienne.fr'),
(3, 'M', 'Moussiere', 'Laurent', 'laurent.moussiere@univ-st-etienne.fr'),
(4, 'M', 'Masmoudi', 'Malek', 'malek.masmoudi@univ-st-etienne.fr'),
(5, 'M', 'Lamraoui', 'Mourad', 'mourad.lamraoui@univ-st-etienne.fr'),
(6, 'M', 'Guillet', 'Francois', 'francois.guillet@univ-st-etienne.fr'),
(7, 'Mlle', 'Rim', 'Faraj', 'faraj.rim@univ-st-etienne.fr');

-- --------------------------------------------------------

--
-- Structure de la table `trajet`
--

CREATE TABLE `trajet` (
  `idTrajet` int(11) NOT NULL,
  `nature` varchar(50) NOT NULL,
  `dateDepart` date NOT NULL,
  `heureDepart` time NOT NULL,
  `dateArrivee` date NOT NULL,
  `heureArrivee` time NOT NULL,
  `lieuDepart` varchar(50) NOT NULL,
  `destination` varchar(50) NOT NULL,
  `kilometrageDepart` int(11) DEFAULT NULL,
  `kilometrageRetour` int(11) DEFAULT NULL,
  `idPersonne` int(11) NOT NULL,
  `idVehicule` int(11) DEFAULT NULL
) ENGINE=InnoDB DEFAULT CHARSET=utf8 COLLATE=utf8_general_ci;

--
-- Déchargement des données de la table `trajet`
--

INSERT INTO `trajet` (`idTrajet`, `nature`, `dateDepart`, `heureDepart`, `dateArrivee`, `heureArrivee`, `lieuDepart`, `destination`, `kilometrageDepart`, `kilometrageRetour`, `idPersonne`, `idVehicule`) VALUES
(1, 'visite stagiaire', '2012-09-03', '08:19:43', '2012-09-03', '10:17:19', 'Roanne', 'Mably', NULL, NULL, 1, 3),
(2, 'visite stagiaire', '2012-09-03', '10:09:53', '2012-09-03', '17:07:29', 'Roanne', 'Bourg En Bresse', 1350, 3850, 6, 1),
(3, 'visite alternant', '2012-09-03', '10:58:49', '2012-09-04', '13:08:25', 'Roanne', 'Nantes', 1350, 2550, 2, 2),
(4, 'visite alternant', '2012-09-05', '11:19:32', '2012-09-05', '12:53:08', 'Roanne', 'Riorges', NULL, NULL, 1, 3),
(5, 'visite stagiaire', '2012-09-10', '10:02:51', '2012-09-10', '12:00:27', 'Roanne', 'Mably', NULL, NULL, 1, 3),
(6, 'visite stagiaire', '2012-09-10', '10:40:35', '2012-09-10', '11:45:23', 'Roanne', 'Le Coteau', 1750, 1758, 6, 1),
(7, 'visite stagiaire', '2012-09-11', '09:45:12', '2012-09-12', '08:54:48', 'Roanne', 'Montpellier', 2550, 3550, 2, 2),
(8, 'visite alternant', '2012-09-17', '09:10:08', '2012-09-17', '10:19:44', 'Roanne', 'Roanne', NULL, NULL, 3, 3),
(9, 'visite alternant', '2012-09-18', '08:42:56', '2012-09-18', '10:28:32', 'Roanne', 'Le Coteau', NULL, NULL, 4, 3),
(10, 'visite alternant', '2012-09-18', '11:24:44', '2012-09-18', '18:22:20', 'Roanne', 'Bourg En Bresse', 1758, 2158, 2, 1),
(11, 'visite alternant', '2012-09-19', '10:35:29', '2012-09-20', '09:45:05', 'Roanne', 'Montpellier', 3550, 4550, 6, 2),
(12, 'visite stagiaire', '2012-09-22', '10:35:37', '2012-09-23', '12:45:13', 'Roanne', 'Nantes', 2158, 3358, 3, 1),
(13, 'visite stagiaire', '2012-09-24', '08:33:25', '2012-09-24', '09:43:01', 'Roanne', 'Roanne', NULL, NULL, 7, 3),
(14, 'visite stagiaire', '2012-09-24', '11:56:15', '2012-09-25', '11:05:51', 'Roanne', 'Montpellier', 4550, 5550, 7, 2),
(15, 'visite alternant', '2012-09-26', '08:30:01', '2012-09-26', '10:27:37', 'Roanne', 'Mably', NULL, NULL, 4, 3),
(16, 'visite stagiaire', '2012-09-27', '11:10:10', '2012-09-27', '12:14:58', 'Roanne', 'Le Coteau', 5550, 5558, 3, 2),
(17, 'visite stagiaire', '2012-09-28', '09:01:24', '2012-09-29', '17:11:00', 'Roanne', 'Lille', 3358, 4958, 3, 1),
(18, 'visite alternant', '2012-09-29', '10:12:41', '2012-09-29', '11:58:17', 'Roanne', 'Le Coteau', NULL, NULL, 1, 3),
(19, 'visite alternant', '2012-09-30', '11:45:24', '2012-09-30', '12:50:12', 'Roanne', 'Le Coteau', 4958, 4966, 3, 1),
(20, 'visite stagiaire', '2012-10-03', '11:13:22', '2012-10-03', '15:10:58', 'Roanne', 'Lyon', 5558, 5758, 3, 2),
(21, 'visite alternant', '2012-10-04', '10:13:31', '2012-10-04', '12:11:07', 'Roanne', 'Mably', NULL, NULL, 1, 3),
(22, 'visite alternant', '2012-10-05', '08:52:59', '2012-10-06', '08:02:35', 'Roanne', 'Montpellier', 5758, 6758, 3, 2),
(23, 'visite alternant', '2012-10-06', '08:07:07', '2012-10-06', '12:04:43', 'Roanne', 'Lyon', 4966, 5166, 4, 1),
(24, 'visite alternant', '2012-10-08', '08:57:16', '2012-10-09', '08:06:52', 'Roanne', 'Bordeaux', 6758, 7758, 5, 2),
(25, 'visite stagiaire', '2012-10-08', '11:15:28', '2012-10-09', '10:25:04', 'Roanne', 'Bordeaux', 5166, 6166, 2, 1),
(26, 'visite stagiaire', '2012-10-11', '09:04:23', '2012-10-11', '10:09:11', 'Roanne', 'Le Coteau', 7758, 7766, 6, 2),
(27, 'visite stagiaire', '2012-10-12', '09:12:15', '2012-10-12', '10:45:51', 'Roanne', 'Riorges', NULL, NULL, 4, 3),
(28, 'visite alternant', '2012-10-13', '10:31:08', '2012-10-14', '18:40:44', 'Roanne', 'Lille', 6166, 7766, 6, 1),
(29, 'visite stagiaire', '2012-10-15', '11:30:03', '2012-10-15', '13:15:39', 'Roanne', 'Le Coteau', NULL, NULL, 3, 3),
(30, 'visite stagiaire', '2012-10-16', '09:09:55', '2012-10-17', '05:19:31', 'Roanne', 'Strasbourg', 7766, 8566, 6, 1),
(31, 'visite alternant', '2012-10-16', '09:47:29', '2012-10-16', '21:15:05', 'Roanne', 'Poitiers', 7766, 8466, 4, 2),
(32, 'visite alternant', '2012-10-17', '10:35:26', '2012-10-17', '12:33:02', 'Roanne', 'Mably', NULL, NULL, 1, 3),
(33, 'visite alternant', '2012-10-19', '10:10:23', '2012-10-19', '11:19:59', 'Roanne', 'Roanne', NULL, NULL, 6, 3),
(34, 'visite stagiaire', '2012-10-21', '11:25:52', '2012-10-21', '13:23:28', 'Roanne', 'Mably', NULL, NULL, 1, 3),
(35, 'visite alternant', '2012-10-22', '08:18:33', '2012-10-22', '09:52:09', 'Roanne', 'Riorges', NULL, NULL, 5, 3),
(36, 'visite alternant', '2012-10-23', '09:12:01', '2012-10-23', '17:39:37', 'Roanne', 'Limoges', 8566, 9066, 2, 1),
(37, 'visite stagiaire', '2012-10-23', '09:40:49', '2012-10-23', '21:08:25', 'Roanne', 'Poitiers', 8466, 9166, 7, 2),
(38, 'visite alternant', '2012-10-25', '11:34:52', '2012-10-26', '13:44:28', 'Roanne', 'Nantes', 9166, 10366, 4, 2),
(39, 'visite alternant', '2012-10-26', '08:16:10', '2012-10-26', '10:13:46', 'Roanne', 'Mably', NULL, NULL, 5, 3),
(40, 'visite alternant', '2012-10-29', '08:30:26', '2012-10-29', '19:58:02', 'Roanne', 'Poitiers', 10366, 11066, 4, 2),
(41, 'visite stagiaire', '2012-10-30', '11:28:45', '2012-10-30', '13:14:21', 'Roanne', 'Le Coteau', NULL, NULL, 1, 3),
(42, 'visite stagiaire', '2012-10-31', '08:19:28', '2012-11-01', '04:29:04', 'Roanne', 'Strasbourg', 9066, 9866, 5, 1),
(43, 'visite alternant', '2012-11-01', '09:17:31', '2012-11-01', '10:27:07', 'Roanne', 'Roanne', NULL, NULL, 2, 3),
(44, 'visite stagiaire', '2012-11-06', '08:18:13', '2012-11-06', '10:03:49', 'Roanne', 'Le Coteau', NULL, NULL, 7, 3),
(45, 'visite alternant', '2012-11-06', '09:55:42', '2012-11-06', '13:53:18', 'Roanne', 'Lyon', 11066, 11266, 5, 2),
(46, 'visite stagiaire', '2012-11-08', '09:21:24', '2012-11-08', '20:49:00', 'Roanne', 'Poitiers', 9866, 10566, 2, 1),
(47, 'visite alternant', '2012-11-08', '09:58:25', '2012-11-08', '11:44:01', 'Roanne', 'Le Coteau', NULL, NULL, 3, 3),
(48, 'visite stagiaire', '2012-11-12', '08:28:12', '2012-11-12', '12:25:48', 'Roanne', 'Clermont Ferrand', 11266, 11466, 2, 2),
(49, 'visite stagiaire', '2012-11-13', '08:48:56', '2012-11-13', '09:55:32', 'Roanne', 'Mably', 11466, 11476, 7, 2),
(50, 'visite alternant', '2012-11-14', '10:40:07', '2012-11-14', '11:49:43', 'Roanne', 'Roanne', NULL, NULL, 4, 3),
(51, 'visite alternant', '2012-11-16', '11:16:37', '2012-11-17', '07:26:13', 'Roanne', 'Strasbourg', 10566, 11366, 5, 1),
(52, 'visite stagiaire', '2012-11-17', '09:18:56', '2012-11-17', '11:16:32', 'Roanne', 'Mably', NULL, NULL, 6, 3),
(53, 'visite stagiaire', '2012-11-18', '08:47:14', '2012-11-19', '04:56:50', 'Roanne', 'Marseille', 11476, 12276, 5, 2),
(54, 'visite alternant', '2012-11-21', '11:46:59', '2012-11-21', '13:20:35', 'Roanne', 'Riorges', NULL, NULL, 7, 3),
(55, 'visite alternant', '2012-11-23', '09:11:24', '2012-11-23', '13:09:00', 'Roanne', 'St-Etienne', 11366, 11566, 3, 1),
(56, 'visite alternant', '2012-11-24', '09:00:31', '2012-11-24', '11:10:07', 'Roanne', 'Riorges', NULL, NULL, 1, NULL),
(57, 'visite alternant', '2012-11-24', '09:30:07', '2012-11-24', '10:33:07', 'Roanne', 'Riorges', 11566, 11572, 3, 1),
(58, 'visite alternant', '2012-11-26', '11:34:40', '2012-11-26', '14:08:16', 'Roanne', 'Le Coteau', NULL, NULL, 3, NULL),
(59, 'visite alternant', '2012-11-27', '09:34:12', '2012-11-27', '10:43:48', 'Roanne', 'Roanne', NULL, NULL, 7, 3),
(60, 'visite alternant', '2012-11-28', '11:24:18', '2012-11-29', '19:33:54', 'Roanne', 'Lille', 11572, 13172, 5, 1),
(61, 'visite alternant', '2012-11-29', '10:53:08', '2012-11-29', '12:38:44', 'Roanne', 'Le Coteau', NULL, NULL, 4, 3),
(62, 'visite alternant', '2012-12-04', '10:28:21', '2012-12-04', '17:25:57', 'Roanne', 'Bourg En Bresse', 12276, 12676, 3, 2),
(63, 'visite alternant', '2012-12-05', '11:15:30', '2012-12-05', '15:13:06', 'Roanne', 'Lyon', 13172, 13372, 4, 1),
(64, 'visite stagiaire', '2012-12-07', '10:34:17', '2012-12-07', '12:31:53', 'Roanne', 'Mably', NULL, NULL, 6, 3),
(65, 'visite alternant', '2012-12-09', '08:21:47', '2012-12-09', '12:19:23', 'Roanne', 'Clermont Ferrand', 13372, 13572, 7, 1),
(66, 'visite stagiaire', '2012-12-09', '10:49:40', '2012-12-09', '11:56:16', 'Roanne', 'Mably', 12690, 12700, 3, 2),
(67, 'visite alternant', '2012-12-11', '11:20:10', '2012-12-11', '12:29:46', 'Roanne', 'Roanne', NULL, NULL, 5, 3),
(68, 'visite alternant', '2012-12-15', '10:33:35', '2012-12-15', '22:01:11', 'Roanne', 'Poitiers', 12700, 13400, 4, 2),
(69, 'visite stagiaire', '2012-12-15', '10:35:39', '2012-12-15', '12:33:15', 'Roanne', 'Mably', NULL, NULL, 7, 3),
(70, 'visite stagiaire', '2012-12-15', '11:46:40', '2012-12-15', '15:44:16', 'Roanne', 'St-Etienne', 13572, 13772, 2, 1),
(71, 'visite alternant', '2012-12-16', '10:04:23', '2012-12-16', '17:01:59', 'Roanne', 'Bourg En Bresse', 13772, 14172, 1, 1),
(72, 'visite alternant', '2012-12-22', '11:59:41', '2012-12-23', '08:09:17', 'Roanne', 'Paris', 14172, 14972, 1, 1),
(73, 'visite alternant', '2012-12-23', '09:53:43', '2012-12-23', '11:51:19', 'Roanne', 'Mably', NULL, NULL, 7, 3),
(74, 'visite stagiaire', '2012-12-23', '10:09:55', '2012-12-24', '06:19:31', 'Roanne', 'Paris', 13400, 14200, 4, 2),
(75, 'visite alternant', '2012-12-26', '09:43:59', '2012-12-26', '11:29:35', 'Roanne', 'Le Coteau', NULL, NULL, 1, 3),
(76, 'visite alternant', '2012-12-28', '10:31:06', '2012-12-28', '11:35:54', 'Roanne', 'Le Coteau', 14972, 14980, 5, 1),
(77, 'visite alternant', '2012-12-30', '09:48:56', '2012-12-31', '11:58:32', 'Roanne', 'Nantes', 14200, 15400, 2, 2),
(78, 'visite alternant', '2013-01-01', '08:36:53', '2013-01-02', '16:46:29', 'Roanne', 'Lille', 14980, 16580, 2, 1),
(79, 'visite stagiaire', '2013-01-01', '10:30:23', '2013-01-01', '12:15:59', 'Roanne', 'Le Coteau', NULL, NULL, 5, 3),
(80, 'visite alternant', '2013-01-03', '09:41:51', '2013-01-04', '05:51:27', 'Roanne', 'Strasbourg', 15400, 16200, 6, 2),
(81, 'visite stagiaire', '2013-01-05', '11:28:29', '2013-01-06', '07:38:05', 'Roanne', 'Paris', 16580, 17380, 4, 1),
(82, 'visite alternant', '2013-01-08', '10:04:21', '2013-01-08', '21:31:57', 'Roanne', 'Poitiers', 16200, 16900, 3, 2),
(83, 'visite alternant', '2013-01-08', '11:20:23', '2013-01-08', '12:29:59', 'Roanne', 'Roanne', NULL, NULL, 1, 3),
(84, 'visite alternant', '2013-01-12', '11:13:44', '2013-01-13', '07:23:20', 'Roanne', 'Strasbourg', 16900, 17700, 1, 2),
(85, 'visite alternant', '2013-01-13', '08:58:11', '2013-01-14', '05:07:47', 'Roanne', 'Marseille', 17380, 18180, 1, 1),
(86, 'visite alternant', '2013-01-14', '10:55:54', '2013-01-14', '19:23:30', 'Roanne', 'Limoges', 17700, 18200, 4, 2),
(87, 'visite alternant', '2013-01-16', '10:50:09', '2013-01-16', '11:59:45', 'Roanne', 'Roanne', NULL, NULL, 3, 3),
(88, 'visite alternant', '2013-01-19', '08:21:30', '2013-01-19', '09:28:06', 'Roanne', 'Mably', 18200, 18210, 4, 2),
(89, 'visite stagiaire', '2013-01-20', '09:27:12', '2013-01-20', '10:36:48', 'Roanne', 'Roanne', NULL, NULL, 1, 3),
(90, 'visite alternant', '2013-01-21', '09:28:06', '2013-01-21', '17:55:42', 'Roanne', 'Limoges', 18180, 18680, 5, 1),
(91, 'visite alternant', '2013-01-24', '09:07:47', '2013-01-24', '10:17:23', 'Roanne', 'Roanne', NULL, NULL, 6, 3),
(92, 'visite stagiaire', '2013-01-27', '09:15:33', '2013-01-28', '08:25:09', 'Roanne', 'Bordeaux', 18210, 19210, 1, 2),
(93, 'visite alternant', '2013-01-27', '10:45:25', '2013-01-27', '12:31:01', 'Roanne', 'Le Coteau', NULL, NULL, 5, 3),
(94, 'visite stagiaire', '2013-01-28', '11:53:08', '2013-01-28', '23:20:44', 'Roanne', 'Poitiers', 18680, 19380, 1, 1),
(95, 'visite alternant', '2013-01-29', '08:47:30', '2013-01-29', '15:45:06', 'Roanne', 'Bourg En Bresse', 19210, 19610, 3, 2),
(96, 'visite stagiaire', '2013-01-31', '10:42:56', '2013-01-31', '11:45:56', 'Roanne', 'Riorges', 19610, 19616, 4, 2),
(97, 'visite stagiaire', '2013-02-03', '08:58:51', '2013-02-03', '10:32:27', 'Roanne', 'Riorges', NULL, NULL, 6, 3),
(98, 'visite stagiaire', '2013-02-03', '10:59:00', '2013-02-03', '19:26:36', 'Roanne', 'Limoges', 19380, 19880, 3, 1),
(99, 'visite alternant', '2013-02-03', '11:13:59', '2013-02-03', '15:11:35', 'Roanne', 'Clermont Ferrand', 19616, 19816, 2, 2),
(100, 'visite alternant', '2013-02-04', '11:13:25', '2013-02-04', '12:59:01', 'Roanne', 'Le Coteau', NULL, NULL, 6, 3),
(101, 'visite stagiaire', '2013-02-07', '09:41:39', '2013-02-08', '08:51:15', 'Roanne', 'Montpellier', 19880, 20880, 1, 1),
(102, 'visite stagiaire', '2013-02-07', '09:43:08', '2013-02-07', '10:42:32', 'Roanne', 'Roanne', 19816, 19818, 4, 2),
(103, 'visite stagiaire', '2013-02-10', '08:49:33', '2013-02-11', '04:59:09', 'Roanne', 'Paris', 19818, 20618, 7, 2),
(104, 'visite stagiaire', '2013-02-12', '09:09:33', '2013-02-12', '10:55:09', 'Roanne', 'Le Coteau', NULL, NULL, 2, 3),
(105, 'visite stagiaire', '2013-02-14', '11:27:49', '2013-02-14', '18:25:25', 'Roanne', 'Bourg En Bresse', 20618, 21018, 6, 2),
(106, 'visite stagiaire', '2013-02-15', '10:59:27', '2013-02-15', '14:57:03', 'Roanne', 'Lyon', 20880, 21080, 7, 1),
(107, 'visite stagiaire', '2013-02-16', '10:18:10', '2013-02-16', '12:15:46', 'Roanne', 'Mably', NULL, NULL, 5, 3),
(108, 'visite stagiaire', '2013-02-21', '08:05:46', '2013-02-22', '04:15:22', 'Roanne', 'Marseille', 21018, 21818, 1, 2),
(109, 'visite alternant', '2013-02-22', '08:14:54', '2013-02-23', '07:24:30', 'Roanne', 'Montpellier', 21080, 22080, 3, 1),
(110, 'visite stagiaire', '2013-02-22', '11:32:33', '2013-02-22', '13:06:09', 'Roanne', 'Riorges', NULL, NULL, 1, 3),
(111, 'visite stagiaire', '2013-02-23', '10:36:25', '2013-02-23', '14:34:01', 'Roanne', 'Lyon', 21818, 22018, 1, 2),
(112, 'visite stagiaire', '2013-02-26', '09:17:51', '2013-02-26', '10:27:27', 'Roanne', 'Roanne', NULL, NULL, 5, 3),
(113, 'visite alternant', '2013-02-26', '10:13:02', '2013-02-26', '11:17:50', 'Roanne', 'Le Coteau', 22018, 22026, 3, 2),
(114, 'visite alternant', '2013-03-02', '08:23:55', '2013-03-02', '12:21:31', 'Roanne', 'St-Etienne', 22080, 22280, 7, 1),
(115, 'visite alternant', '2013-03-03', '10:19:44', '2013-03-04', '18:29:20', 'Roanne', 'Lille', 22026, 23626, 3, 2),
(116, 'visite stagiaire', '2013-03-06', '09:48:38', '2013-03-06', '11:22:14', 'Roanne', 'Riorges', NULL, NULL, 4, 3),
(117, 'visite alternant', '2013-03-06', '11:33:39', '2013-03-06', '12:40:15', 'Roanne', 'Mably', 22280, 22290, 6, 1),
(118, 'visite alternant', '2013-03-08', '08:46:20', '2013-03-08', '15:43:56', 'Roanne', 'Bourg En Bresse', 23626, 24026, 3, 2),
(119, 'visite stagiaire', '2013-03-10', '11:33:43', '2013-03-10', '15:31:19', 'Roanne', 'St-Etienne', 24026, 24226, 6, 2),
(120, 'visite stagiaire', '2013-03-12', '08:46:49', '2013-03-13', '16:56:25', 'Roanne', 'Lille', 22290, 23890, 7, 1),
(121, 'visite alternant', '2013-03-12', '11:25:28', '2013-03-12', '13:11:04', 'Roanne', 'Le Coteau', NULL, NULL, 1, 3),
(122, 'visite alternant', '2013-03-14', '08:26:52', '2013-03-15', '07:36:28', 'Roanne', 'Bordeaux', 24226, 25226, 3, 2),
(123, 'visite stagiaire', '2013-03-17', '08:41:54', '2013-03-17', '12:39:30', 'Roanne', 'Lyon', 23890, 24090, 4, 1),
(124, 'visite alternant', '2013-03-19', '11:23:24', '2013-03-19', '15:21:00', 'Roanne', 'St-Etienne', 25226, 25426, 6, 2),
(125, 'visite stagiaire', '2013-03-20', '09:34:59', '2013-03-21', '05:44:35', 'Roanne', 'Paris', 24090, 24890, 1, 1),
(126, 'visite stagiaire', '2013-03-20', '11:17:50', '2013-03-20', '13:15:26', 'Roanne', 'Mably', NULL, NULL, 7, 3),
(127, 'visite stagiaire', '2013-03-22', '09:47:15', '2013-03-22', '21:14:51', 'Roanne', 'Poitiers', 24890, 25590, 5, 1),
(128, 'visite alternant', '2013-03-24', '11:47:13', '2013-03-25', '07:56:49', 'Roanne', 'Marseille', 25590, 26390, 5, 1),
(129, 'visite stagiaire', '2013-03-25', '11:57:31', '2013-03-25', '13:43:07', 'Roanne', 'Le Coteau', NULL, NULL, 6, 3),
(130, 'visite stagiaire', '2013-03-26', '08:59:55', '2013-03-26', '10:21:31', 'Roanne', 'Roanne', NULL, NULL, 6, NULL),
(131, 'visite alternant', '2013-03-27', '09:04:18', '2013-03-27', '10:09:06', 'Roanne', 'Le Coteau', 25426, 25434, 5, 2),
(132, 'visite alternant', '2013-03-28', '09:10:07', '2013-03-28', '10:55:43', 'Roanne', 'Le Coteau', NULL, NULL, 5, 3),
(133, 'visite alternant', '2013-03-28', '11:35:50', '2013-03-29', '10:45:26', 'Roanne', 'Montpellier', 25434, 26434, 7, 2),
(134, 'visite stagiaire', '2013-04-01', '08:02:04', '2013-04-01', '19:29:40', 'Roanne', 'Poitiers', 26390, 27090, 5, 1),
(135, 'visite stagiaire', '2013-04-01', '09:53:29', '2013-04-01', '16:51:05', 'Roanne', 'Bourg En Bresse', 26434, 26834, 2, 2),
(136, 'visite stagiaire', '2013-04-04', '09:07:13', '2013-04-05', '17:16:49', 'Roanne', 'Lille', 27092, 28692, 1, 1),
(137, 'visite alternant', '2013-04-04', '09:10:22', '2013-04-04', '10:19:58', 'Roanne', 'Roanne', NULL, NULL, 3, 3),
(138, 'visite stagiaire', '2013-04-05', '10:23:15', '2013-04-06', '18:32:51', 'Roanne', 'Lille', 26834, 28434, 6, 2),
(139, 'visite stagiaire', '2013-04-07', '10:13:31', '2013-04-07', '11:59:07', 'Roanne', 'Le Coteau', NULL, NULL, 1, 3),
(140, 'visite alternant', '2013-04-08', '09:31:53', '2013-04-08', '20:59:29', 'Roanne', 'Poitiers', 28692, 29392, 2, 1),
(141, 'visite alternant', '2013-04-09', '09:23:18', '2013-04-09', '16:20:54', 'Roanne', 'Bourg En Bresse', 28434, 28834, 6, 2),
(142, 'visite alternant', '2013-04-11', '10:48:05', '2013-04-11', '22:15:41', 'Roanne', 'Poitiers', 28834, 29534, 3, 2),
(143, 'visite alternant', '2013-04-11', '11:42:49', '2013-04-12', '07:52:25', 'Roanne', 'Strasbourg', 29392, 30192, 4, 1),
(144, 'visite alternant', '2013-04-12', '10:36:46', '2013-04-12', '12:10:22', 'Roanne', 'Riorges', NULL, NULL, 6, 3),
(145, 'visite alternant', '2013-04-13', '09:04:15', '2013-04-14', '08:13:51', 'Roanne', 'Montpellier', 29534, 30534, 7, 2),
(146, 'visite stagiaire', '2013-04-16', '10:05:56', '2013-04-16', '11:05:20', 'Roanne', 'Roanne', 30192, 30194, 2, 1),
(147, 'visite alternant', '2013-04-19', '11:45:52', '2013-04-19', '18:43:28', 'Roanne', 'Bourg En Bresse', 30534, 30934, 3, 2),
(148, 'visite stagiaire', '2013-04-20', '09:35:36', '2013-04-20', '11:21:12', 'Roanne', 'Le Coteau', NULL, NULL, 2, 3),
(149, 'visite stagiaire', '2013-04-21', '11:27:42', '2013-04-21', '19:55:18', 'Roanne', 'Limoges', 30194, 30694, 7, 1),
(150, 'visite stagiaire', '2013-04-24', '11:14:16', '2013-04-25', '07:23:52', 'Roanne', 'Paris', 30694, 31494, 5, 1),
(151, 'visite alternant', '2013-04-25', '08:18:07', '2013-04-25', '09:22:55', 'Roanne', 'Le Coteau', 30934, 30942, 4, 2),
(152, 'visite stagiaire', '2013-04-26', '09:49:52', '2013-04-26', '11:23:28', 'Roanne', 'Riorges', NULL, NULL, 1, 3),
(153, 'visite stagiaire', '2013-04-29', '08:41:29', '2013-04-29', '09:48:05', 'Roanne', 'Mably', 30942, 30952, 7, 2),
(154, 'visite alternant', '2013-04-29', '11:06:56', '2013-04-29', '22:34:32', 'Roanne', 'Poitiers', 31494, 32194, 3, 1),
(155, 'visite stagiaire', '2013-04-29', '11:27:39', '2013-04-29', '13:13:15', 'Roanne', 'Le Coteau', NULL, NULL, 3, 3),
(156, 'visite stagiaire', '2013-05-02', '08:22:59', '2013-05-03', '04:32:35', 'Roanne', 'Paris', 30952, 31752, 1, 2),
(157, 'visite stagiaire', '2013-05-02', '09:03:09', '2013-05-02', '10:36:45', 'Roanne', 'Riorges', NULL, NULL, 3, 3),
(158, 'visite stagiaire', '2013-05-05', '10:46:22', '2013-05-05', '22:13:58', 'Roanne', 'Poitiers', 32194, 32894, 5, 1),
(159, 'visite alternant', '2013-05-07', '08:59:16', '2013-05-07', '12:56:52', 'Roanne', 'Lyon', 31752, 31952, 4, 2),
(160, 'visite alternant', '2013-05-08', '08:35:00', '2013-05-08', '20:02:36', 'Roanne', 'Poitiers', 31952, 32652, 6, 2),
(161, 'visite stagiaire', '2013-05-10', '09:56:43', '2013-05-10', '11:30:19', 'Roanne', 'Riorges', NULL, NULL, 5, 3),
(162, 'visite stagiaire', '2013-05-12', '10:21:58', '2013-05-12', '11:55:34', 'Roanne', 'Riorges', NULL, NULL, 1, 3),
(163, 'visite stagiaire', '2013-05-13', '10:28:03', '2013-05-14', '06:37:39', 'Roanne', 'Strasbourg', 32894, 33694, 1, 1),
(164, 'visite alternant', '2013-05-14', '09:01:53', '2013-05-14', '10:35:29', 'Roanne', 'Riorges', NULL, NULL, 3, 3),
(165, 'visite stagiaire', '2013-05-14', '10:38:52', '2013-05-14', '11:41:52', 'Roanne', 'Riorges', 32652, 32658, 7, 2),
(166, 'visite stagiaire', '2013-05-15', '08:48:45', '2013-05-15', '09:58:21', 'Roanne', 'Roanne', NULL, NULL, 5, 3),
(167, 'visite stagiaire', '2013-05-19', '10:58:01', '2013-05-19', '11:57:25', 'Roanne', 'Roanne', 32658, 32660, 6, 2),
(168, 'visite alternant', '2013-05-20', '10:01:59', '2013-05-20', '11:08:35', 'Roanne', 'Mably', 32660, 32670, 4, 2),
(169, 'visite stagiaire', '2013-05-20', '10:24:46', '2013-05-21', '06:34:22', 'Roanne', 'Paris', 33694, 34494, 2, 1),
(170, 'visite alternant', '2013-05-21', '09:23:42', '2013-05-21', '11:09:18', 'Roanne', 'Le Coteau', NULL, NULL, 7, 3),
(171, 'visite stagiaire', '2013-05-24', '11:02:02', '2013-05-24', '17:59:38', 'Roanne', 'Bourg En Bresse', 34494, 34894, 6, 1),
(172, 'visite alternant', '2013-05-25', '09:18:04', '2013-05-25', '10:17:28', 'Roanne', 'Roanne', 32670, 32672, 5, 2),
(173, 'visite alternant', '2013-05-26', '10:06:35', '2013-05-26', '12:04:11', 'Roanne', 'Mably', NULL, NULL, 7, 3),
(174, 'visite alternant', '2013-05-27', '08:12:36', '2013-05-28', '04:22:12', 'Roanne', 'Strasbourg', 34894, 35694, 1, 1),
(175, 'visite stagiaire', '2013-05-30', '09:45:44', '2013-05-31', '11:55:20', 'Roanne', 'Nantes', 35694, 36894, 6, 1),
(176, 'visite stagiaire', '2013-05-31', '09:33:42', '2013-05-31', '11:07:18', 'Roanne', 'Riorges', NULL, NULL, 4, 3),
(177, 'visite alternant', '2013-06-01', '08:01:47', '2013-06-02', '07:11:23', 'Roanne', 'Bordeaux', 32672, 33672, 5, 2),
(178, 'visite stagiaire', '2013-06-03', '11:30:41', '2013-06-04', '07:40:17', 'Roanne', 'Paris', 36894, 37694, 7, 1),
(179, 'visite alternant', '2013-06-06', '09:41:51', '2013-06-06', '11:15:27', 'Roanne', 'Riorges', NULL, NULL, 1, 3),
(180, 'visite alternant', '2013-06-08', '09:34:05', '2013-06-08', '10:40:41', 'Roanne', 'Mably', 33672, 33682, 7, 2),
(181, 'visite alternant', '2013-06-09', '11:10:12', '2013-06-09', '22:37:48', 'Roanne', 'Poitiers', 37694, 38394, 1, 1),
(182, 'visite stagiaire', '2013-06-13', '09:58:41', '2013-06-13', '11:56:17', 'Roanne', 'Mably', NULL, NULL, 3, 3),
(183, 'visite stagiaire', '2013-06-16', '10:48:51', '2013-06-16', '22:16:27', 'Roanne', 'Poitiers', 33682, 34382, 2, 2),
(184, 'visite stagiaire', '2013-06-17', '09:50:27', '2013-06-17', '13:48:03', 'Roanne', 'St-Etienne', 38394, 38594, 7, 1),
(185, 'visite alternant', '2013-06-18', '08:17:41', '2013-06-18', '09:22:29', 'Roanne', 'Le Coteau', 34382, 34390, 7, 2),
(186, 'visite alternant', '2013-06-19', '10:43:03', '2013-06-19', '17:40:39', 'Roanne', 'Bourg En Bresse', 34390, 34790, 7, 2),
(187, 'visite alternant', '2013-06-20', '11:53:57', '2013-06-20', '13:03:33', 'Roanne', 'Roanne', NULL, NULL, 3, 3),
(188, 'visite alternant', '2013-06-22', '09:28:26', '2013-06-22', '11:26:02', 'Roanne', 'Mably', NULL, NULL, 7, 3),
(189, 'visite stagiaire', '2013-06-23', '11:42:06', '2013-06-24', '07:51:42', 'Roanne', 'Paris', 38594, 39394, 6, 1),
(190, 'visite stagiaire', '2013-06-25', '08:31:47', '2013-06-25', '16:59:23', 'Roanne', 'Limoges', 34790, 35290, 6, 2),
(191, 'visite stagiaire', '2013-06-29', '09:39:58', '2013-06-30', '08:49:34', 'Roanne', 'Montpellier', 39394, 40394, 3, 1),
(192, 'visite stagiaire', '2013-06-29', '10:44:30', '2013-06-29', '22:12:06', 'Roanne', 'Poitiers', 35290, 35990, 7, 2),
(193, 'visite alternant', '2013-06-29', '10:55:09', '2013-06-29', '12:40:45', 'Roanne', 'Le Coteau', NULL, NULL, 4, 3),
(194, 'visite alternant', '2013-07-01', '11:12:43', '2013-07-01', '15:10:19', 'Roanne', 'St-Etienne', 35990, 36190, 2, 2),
(195, 'visite stagiaire', '2013-07-03', '10:38:23', '2013-07-04', '09:47:59', 'Roanne', 'Bordeaux', 40394, 41394, 3, 1),
(196, 'visite alternant', '2013-07-04', '10:03:49', '2013-07-05', '12:13:25', 'Roanne', 'Nantes', 36190, 37390, 3, 2),
(197, 'visite stagiaire', '2013-07-07', '11:12:13', '2013-07-07', '13:09:49', 'Roanne', 'Mably', NULL, NULL, 1, 3),
(198, 'visite alternant', '2013-07-09', '11:44:10', '2013-07-09', '13:29:46', 'Roanne', 'Le Coteau', NULL, NULL, 1, 3),
(199, 'visite alternant', '2013-07-10', '09:54:29', '2013-07-10', '13:52:05', 'Roanne', 'Clermont Ferrand', 41394, 41594, 1, 1),
(200, 'visite alternant', '2013-07-11', '10:35:16', '2013-07-11', '11:41:52', 'Roanne', 'Mably', 37390, 37400, 5, 2),
(201, 'visite alternant', '2013-07-13', '08:04:10', '2013-07-13', '15:01:46', 'Roanne', 'Bourg En Bresse', 41594, 41994, 1, 1),
(202, 'visite stagiaire', '2013-07-14', '08:48:10', '2013-07-14', '09:54:46', 'Roanne', 'Mably', 41994, 42004, 2, 1),
(203, 'visite alternant', '2013-07-15', '09:58:19', '2013-07-15', '11:04:55', 'Roanne', 'Mably', 37400, 37410, 7, 2),
(204, 'visite stagiaire', '2013-07-16', '10:40:25', '2013-07-16', '12:38:01', 'Roanne', 'Mably', NULL, NULL, 4, 3),
(205, 'visite stagiaire', '2013-07-18', '10:39:06', '2013-07-19', '09:48:42', 'Roanne', 'Montpellier', 37410, 38410, 1, 2),
(206, 'visite alternant', '2013-07-19', '11:59:57', '2013-07-20', '08:09:33', 'Roanne', 'Paris', 42004, 42804, 1, 1),
(207, 'visite alternant', '2013-07-21', '11:46:55', '2013-07-21', '13:20:31', 'Roanne', 'Riorges', NULL, NULL, 6, 3),
(208, 'visite alternant', '2013-07-23', '08:07:21', '2013-07-23', '09:06:45', 'Roanne', 'Roanne', 42804, 42806, 3, 1),
(209, 'visite alternant', '2013-07-25', '09:21:11', '2013-07-25', '13:18:47', 'Roanne', 'Lyon', 38410, 38610, 6, 2),
(210, 'visite stagiaire', '2013-07-26', '08:34:30', '2013-07-26', '09:44:06', 'Roanne', 'Roanne', NULL, NULL, 1, 3),
(211, 'visite stagiaire', '2013-07-30', '11:21:50', '2013-07-31', '10:31:26', 'Roanne', 'Montpellier', 42806, 43806, 5, 1),
(212, 'visite alternant', '2013-07-31', '09:32:27', '2013-07-31', '13:30:03', 'Roanne', 'Lyon', 38610, 38810, 2, 2),
(213, 'visite stagiaire', '2013-08-01', '08:20:38', '2013-08-01', '09:30:14', 'Roanne', 'Roanne', NULL, NULL, 4, 3),
(214, 'visite stagiaire', '2013-08-02', '11:11:05', '2013-08-03', '07:20:41', 'Roanne', 'Paris', 43806, 44606, 6, 1),
(215, 'visite alternant', '2013-08-03', '08:03:59', '2013-08-03', '09:49:35', 'Roanne', 'Le Coteau', NULL, NULL, 4, 3),
(216, 'visite alternant', '2013-08-04', '08:43:45', '2013-08-04', '15:41:21', 'Roanne', 'Bourg En Bresse', 38810, 39210, 4, 2),
(217, 'visite stagiaire', '2013-08-08', '10:58:03', '2013-08-08', '14:55:39', 'Roanne', 'St-Etienne', 44606, 44806, 1, 1),
(218, 'visite stagiaire', '2013-08-09', '11:02:06', '2013-08-09', '17:59:42', 'Roanne', 'Bourg En Bresse', 39210, 39610, 5, 2),
(219, 'visite stagiaire', '2013-08-09', '11:50:44', '2013-08-09', '13:24:20', 'Roanne', 'Riorges', NULL, NULL, 1, 3),
(220, 'visite alternant', '2013-08-14', '11:42:33', '2013-08-15', '07:52:09', 'Roanne', 'Paris', 39610, 40410, 6, 2),
(221, 'visite stagiaire', '2013-08-16', '09:09:53', '2013-08-17', '05:19:29', 'Roanne', 'Strasbourg', 44806, 45606, 2, 1),
(222, 'visite stagiaire', '2013-08-16', '11:57:26', '2013-08-16', '15:55:02', 'Roanne', 'Clermont Ferrand', 40410, 40610, 2, 2),
(223, 'visite alternant', '2013-08-17', '08:17:09', '2013-08-17', '09:26:45', 'Roanne', 'Roanne', NULL, NULL, 3, 3),
(224, 'visite alternant', '2013-08-19', '08:56:30', '2013-08-20', '05:06:06', 'Roanne', 'Strasbourg', 45606, 46406, 7, 1),
(225, 'visite alternant', '2013-08-21', '10:30:01', '2013-08-21', '11:39:37', 'Roanne', 'Roanne', NULL, NULL, 6, 3),
(226, 'visite stagiaire', '2013-08-22', '09:42:34', '2013-08-23', '11:52:10', 'Roanne', 'Nantes', 40610, 41810, 5, 2),
(227, 'visite stagiaire', '2013-08-24', '09:07:30', '2013-08-24', '10:17:06', 'Roanne', 'Roanne', NULL, NULL, 1, 3),
(228, 'visite alternant', '2013-08-25', '10:14:19', '2013-08-26', '06:23:55', 'Roanne', 'Marseille', 46406, 47206, 3, 1),
(229, 'visite stagiaire', '2013-08-28', '09:07:00', '2013-08-28', '10:10:00', 'Roanne', 'Riorges', 47206, 47212, 5, 1),
(230, 'visite stagiaire', '2013-08-29', '10:55:25', '2013-08-29', '12:05:01', 'Roanne', 'Roanne', NULL, NULL, 3, 3),
(231, 'visite alternant', '2013-08-31', '10:11:34', '2013-08-31', '17:09:10', 'Roanne', 'Bourg En Bresse', 41810, 42210, 6, 2),
(232, 'visite stagiaire', '2013-09-02', '10:39:30', '2013-09-02', '12:37:06', 'Roanne', 'Mably', NULL, NULL, 2, 3),
(233, 'visite alternant', '2013-09-03', '09:35:08', '2013-09-04', '05:44:44', 'Roanne', 'Paris', 47212, 48012, 7, 1),
(234, 'visite alternant', '2013-09-04', '08:30:44', '2013-09-05', '10:40:20', 'Roanne', 'Nantes', 42210, 43410, 7, 2),
(235, 'visite alternant', '2013-09-07', '09:41:32', '2013-09-08', '08:51:08', 'Roanne', 'Bordeaux', 43410, 44410, 1, 2),
(236, 'visite alternant', '2013-09-09', '08:13:18', '2013-09-09', '09:58:54', 'Roanne', 'Le Coteau', NULL, NULL, 1, 3),
(237, 'visite alternant', '2013-09-10', '11:29:19', '2013-09-10', '12:28:43', 'Roanne', 'Roanne', 48012, 48014, 2, 1),
(238, 'visite alternant', '2013-09-12', '11:29:13', '2013-09-12', '22:56:49', 'Roanne', 'Poitiers', 44410, 45110, 2, 2),
(239, 'visite stagiaire', '2013-09-13', '10:59:11', '2013-09-13', '12:44:47', 'Roanne', 'Le Coteau', NULL, NULL, 5, 3),
(240, 'visite alternant', '2013-09-14', '10:05:46', '2013-09-14', '11:10:34', 'Roanne', 'Le Coteau', 48014, 48022, 2, 1),
(241, 'visite alternant', '2013-09-17', '08:15:06', '2013-09-17', '12:12:42', 'Roanne', 'St-Etienne', 45110, 45310, 3, 2),
(242, 'visite alternant', '2013-09-19', '08:00:37', '2013-09-20', '04:10:13', 'Roanne', 'Paris', 48022, 48822, 2, 1),
(243, 'visite stagiaire', '2013-09-20', '11:48:03', '2013-09-20', '13:21:39', 'Roanne', 'Riorges', NULL, NULL, 5, 3),
(244, 'visite alternant', '2013-09-22', '09:46:21', '2013-09-22', '10:51:09', 'Roanne', 'Le Coteau', 48822, 48830, 1, 1),
(245, 'visite stagiaire', '2013-09-22', '11:04:34', '2013-09-22', '12:50:10', 'Roanne', 'Le Coteau', NULL, NULL, 5, 3),
(246, 'visite alternant', '2013-09-24', '08:48:26', '2013-09-24', '10:10:02', 'Roanne', 'Roanne', NULL, NULL, 1, NULL),
(247, 'visite stagiaire', '2013-09-26', '09:06:06', '2013-09-26', '10:39:42', 'Roanne', 'Riorges', NULL, NULL, 2, 3),
(248, 'visite stagiaire', '2013-09-28', '09:26:30', '2013-09-29', '17:36:06', 'Roanne', 'Lille', 48830, 50430, 3, 1),
(249, 'visite stagiaire', '2013-10-01', '09:06:34', '2013-10-01', '13:04:10', 'Roanne', 'Clermont Ferrand', 45310, 45510, 3, 2),
(250, 'visite alternant', '2013-10-01', '11:10:48', '2013-10-01', '12:20:24', 'Roanne', 'Roanne', NULL, NULL, 7, 3),
(251, 'visite stagiaire', '2013-10-03', '09:57:39', '2013-10-03', '16:55:15', 'Roanne', 'Bourg En Bresse', 50430, 50830, 4, 1),
(252, 'visite stagiaire', '2013-10-04', '11:21:20', '2013-10-04', '15:18:56', 'Roanne', 'Lyon', 45512, 45712, 2, 2),
(253, 'visite alternant', '2013-10-05', '09:29:51', '2013-10-05', '20:57:27', 'Roanne', 'Poitiers', 50830, 51530, 5, 1),
(254, 'visite alternant', '2013-10-06', '09:19:23', '2013-10-06', '11:16:59', 'Roanne', 'Mably', NULL, NULL, 6, 3),
(255, 'visite alternant', '2013-10-08', '10:20:39', '2013-10-09', '18:30:15', 'Roanne', 'Lille', 45712, 47312, 2, 2),
(256, 'visite alternant', '2013-10-09', '11:26:15', '2013-10-09', '12:35:51', 'Roanne', 'Roanne', NULL, NULL, 1, 3),
(257, 'visite stagiaire', '2013-10-10', '08:08:03', '2013-10-10', '09:14:39', 'Roanne', 'Mably', 51530, 51540, 2, 1),
(258, 'visite stagiaire', '2013-10-12', '09:33:27', '2013-10-13', '11:43:03', 'Roanne', 'Nantes', 47312, 48512, 3, 2),
(259, 'visite alternant', '2013-10-15', '10:08:14', '2013-10-16', '09:17:50', 'Roanne', 'Montpellier', 48512, 49512, 6, 2),
(260, 'visite alternant', '2013-10-16', '09:39:54', '2013-10-16', '11:37:30', 'Roanne', 'Mably', NULL, NULL, 5, 3),
(261, 'visite alternant', '2013-10-18', '10:07:35', '2013-10-18', '12:05:11', 'Roanne', 'Mably', NULL, NULL, 4, 3),
(262, 'visite stagiaire', '2013-10-18', '11:13:27', '2013-10-18', '12:16:27', 'Roanne', 'Riorges', 51540, 51546, 3, 1),
(263, 'visite stagiaire', '2013-10-21', '11:13:55', '2013-10-22', '10:23:31', 'Roanne', 'Montpellier', 49512, 50512, 5, 2),
(264, 'visite alternant', '2013-10-22', '10:25:35', '2013-10-23', '18:35:11', 'Roanne', 'Lille', 51546, 53146, 2, 1),
(265, 'visite stagiaire', '2013-10-23', '10:13:51', '2013-10-23', '21:41:27', 'Roanne', 'Poitiers', 50512, 51212, 6, 2),
(266, 'visite alternant', '2013-10-26', '08:27:22', '2013-10-26', '10:24:58', 'Roanne', 'Mably', NULL, NULL, 7, 3),
(267, 'visite stagiaire', '2013-10-27', '08:18:30', '2013-10-27', '09:28:06', 'Roanne', 'Roanne', NULL, NULL, 6, 3),
(268, 'visite alternant', '2013-10-27', '10:34:00', '2013-10-27', '19:01:36', 'Roanne', 'Limoges', 53146, 53646, 1, 1),
(269, 'visite stagiaire', '2013-10-31', '08:55:40', '2013-10-31', '10:29:16', 'Roanne', 'Riorges', NULL, NULL, 4, 3),
(270, 'visite stagiaire', '2013-10-31', '11:40:04', '2013-10-31', '15:37:40', 'Roanne', 'Clermont Ferrand', 51212, 51412, 3, 2),
(271, 'visite stagiaire', '2013-11-02', '11:11:37', '2013-11-02', '12:57:13', 'Roanne', 'Le Coteau', NULL, NULL, 5, 3),
(272, 'visite alternant', '2013-11-02', '11:53:31', '2013-11-03', '08:03:07', 'Roanne', 'Marseille', 53646, 54446, 6, 1),
(273, 'visite alternant', '2013-11-04', '11:25:56', '2013-11-04', '13:59:32', 'Roanne', 'Le Coteau', NULL, NULL, 5, NULL),
(274, 'visite alternant', '2013-11-05', '09:56:58', '2013-11-06', '09:06:34', 'Roanne', 'Montpellier', 54446, 55446, 3, 1),
(275, 'visite alternant', '2013-11-09', '09:26:53', '2013-11-09', '11:12:29', 'Roanne', 'Le Coteau', NULL, NULL, 7, 3),
(276, 'visite stagiaire', '2013-11-09', '10:07:48', '2013-11-10', '06:17:24', 'Roanne', 'Marseille', 55446, 56246, 2, 1),
(277, 'visite alternant', '2013-11-09', '10:48:19', '2013-11-09', '14:45:55', 'Roanne', 'Lyon', 51412, 51612, 1, 2),
(278, 'visite stagiaire', '2013-11-12', '11:32:37', '2013-11-12', '23:00:13', 'Roanne', 'Poitiers', 51620, 52320, 6, 2),
(279, 'visite stagiaire', '2013-11-14', '08:00:18', '2013-11-14', '09:33:54', 'Roanne', 'Riorges', NULL, NULL, 7, 3),
(280, 'visite stagiaire', '2013-11-14', '08:33:26', '2013-11-14', '10:43:02', 'Roanne', 'Riorges', NULL, NULL, 3, NULL),
(281, 'visite alternant', '2013-11-16', '09:24:31', '2013-11-16', '10:27:31', 'Roanne', 'Riorges', 56246, 56252, 4, 1),
(282, 'visite stagiaire', '2013-11-18', '10:20:13', '2013-11-18', '14:17:49', 'Roanne', 'Lyon', 52320, 52520, 6, 2),
(283, 'visite alternant', '2013-11-20', '11:29:47', '2013-11-20', '13:03:23', 'Roanne', 'Riorges', NULL, NULL, 7, 3),
(284, 'visite alternant', '2013-11-22', '09:36:14', '2013-11-22', '10:35:38', 'Roanne', 'Roanne', 56258, 56260, 4, 1),
(285, 'visite stagiaire', '2013-11-24', '09:07:02', '2013-11-25', '05:16:38', 'Roanne', 'Marseille', 56260, 57060, 2, 1),
(286, 'visite alternant', '2013-11-24', '11:45:40', '2013-11-24', '14:19:16', 'Roanne', 'Le Coteau', NULL, NULL, 2, NULL),
(287, 'visite stagiaire', '2013-11-27', '09:45:14', '2013-11-27', '13:42:50', 'Roanne', 'Lyon', 52520, 52720, 6, 2),
(288, 'visite alternant', '2013-11-28', '11:25:26', '2013-11-28', '13:23:02', 'Roanne', 'Mably', NULL, NULL, 3, 3),
(289, 'visite stagiaire', '2013-11-29', '08:00:18', '2013-11-29', '11:57:54', 'Roanne', 'St-Etienne', 57060, 57260, 3, 1),
(290, 'visite alternant', '2013-12-01', '10:08:57', '2013-12-02', '18:18:33', 'Roanne', 'Lille', 52728, 54328, 7, 2),
(291, 'visite stagiaire', '2013-12-05', '11:33:07', '2013-12-05', '23:00:43', 'Roanne', 'Poitiers', 54328, 55028, 7, 2),
(292, 'visite alternant', '2013-12-05', '11:59:19', '2013-12-05', '13:08:55', 'Roanne', 'Roanne', NULL, NULL, 2, 3),
(293, 'visite stagiaire', '2013-12-06', '11:13:46', '2013-12-06', '22:41:22', 'Roanne', 'Poitiers', 57260, 57960, 4, 1),
(294, 'visite stagiaire', '2013-12-10', '10:04:20', '2013-12-10', '12:13:56', 'Roanne', 'Riorges', NULL, NULL, 2, NULL),
(295, 'visite stagiaire', '2013-12-12', '11:14:44', '2013-12-12', '12:24:20', 'Roanne', 'Roanne', NULL, NULL, 6, 3),
(296, 'visite alternant', '2013-12-13', '09:32:45', '2013-12-14', '05:42:21', 'Roanne', 'Marseille', 57960, 58760, 4, 1),
(297, 'visite alternant', '2013-12-13', '11:33:58', '2013-12-13', '18:31:34', 'Roanne', 'Bourg En Bresse', 55028, 55428, 5, 2),
(298, 'visite alternant', '2013-12-17', '09:31:14', '2013-12-18', '05:40:50', 'Roanne', 'Paris', 58760, 59560, 6, 1),
(299, 'visite alternant', '2013-12-18', '10:23:35', '2013-12-19', '06:33:11', 'Roanne', 'Paris', 55434, 56234, 4, 2),
(300, 'visite alternant', '2013-12-19', '08:11:56', '2013-12-19', '09:57:32', 'Roanne', 'Le Coteau', NULL, NULL, 2, 3),
(301, 'visite alternant', '2013-12-23', '10:40:14', '2013-12-23', '14:37:50', 'Roanne', 'Clermont Ferrand', 59560, 59760, 5, 1),
(302, 'visite alternant', '2013-12-24', '09:33:19', '2013-12-24', '10:39:55', 'Roanne', 'Mably', 59760, 59770, 4, 1),
(303, 'visite alternant', '2013-12-25', '10:46:42', '2013-12-25', '12:44:18', 'Roanne', 'Mably', NULL, NULL, 2, 3),
(304, 'visite stagiaire', '2013-12-26', '09:07:04', '2013-12-26', '10:13:40', 'Roanne', 'Mably', 56234, 56244, 4, 2),
(305, 'visite alternant', '2013-12-27', '08:02:06', '2013-12-27', '09:47:42', 'Roanne', 'Le Coteau', NULL, NULL, 4, 3),
(306, 'visite alternant', '2013-12-27', '10:40:48', '2013-12-27', '11:40:12', 'Roanne', 'Roanne', 56244, 56246, 5, 2),
(307, 'visite stagiaire', '2013-12-28', '08:36:09', '2013-12-29', '04:45:45', 'Roanne', 'Paris', 59770, 60570, 5, 1),
(308, 'visite stagiaire', '2013-12-29', '09:26:45', '2013-12-29', '11:12:21', 'Roanne', 'Le Coteau', NULL, NULL, 1, 3),
(309, 'visite stagiaire', '2013-12-31', '11:17:05', '2013-12-31', '12:20:05', 'Roanne', 'Riorges', 60570, 60576, 1, 1),
(310, 'visite stagiaire', '2014-01-02', '09:03:01', '2014-01-03', '05:12:37', 'Roanne', 'Strasbourg', 56246, 57046, 3, 2),
(311, 'visite alternant', '2014-01-02', '11:47:27', '2014-01-02', '12:54:03', 'Roanne', 'Mably', 60576, 60586, 3, 1),
(312, 'visite stagiaire', '2014-01-04', '10:09:15', '2014-01-04', '12:06:51', 'Roanne', 'Mably', NULL, NULL, 7, 3),
(313, 'visite stagiaire', '2014-01-05', '08:39:55', '2014-01-05', '09:46:31', 'Roanne', 'Mably', 60586, 60596, 2, 1),
(314, 'visite stagiaire', '2014-01-05', '10:23:10', '2014-01-05', '11:22:34', 'Roanne', 'Roanne', 57046, 57048, 6, 2),
(315, 'visite alternant', '2014-01-05', '10:25:19', '2014-01-05', '11:58:55', 'Roanne', 'Riorges', NULL, NULL, 1, 3),
(316, 'visite stagiaire', '2014-01-09', '08:56:20', '2014-01-09', '10:02:56', 'Roanne', 'Mably', 57048, 57058, 6, 2),
(317, 'visite alternant', '2014-01-09', '10:04:55', '2014-01-09', '18:32:31', 'Roanne', 'Limoges', 60596, 61096, 5, 1),
(318, 'visite alternant', '2014-01-12', '10:52:57', '2014-01-12', '12:02:33', 'Roanne', 'Roanne', NULL, NULL, 5, 3),
(319, 'visite alternant', '2014-01-15', '10:58:09', '2014-01-15', '17:55:45', 'Roanne', 'Bourg En Bresse', 61096, 61496, 2, 1),
(320, 'visite alternant', '2014-01-17', '08:12:33', '2014-01-17', '15:10:09', 'Roanne', 'Bourg En Bresse', 57058, 57458, 5, 2),
(321, 'visite stagiaire', '2014-01-19', '08:14:53', '2014-01-20', '04:24:29', 'Roanne', 'Marseille', 61496, 62296, 2, 1),
(322, 'visite stagiaire', '2014-01-19', '09:11:19', '2014-01-19', '10:20:55', 'Roanne', 'Roanne', NULL, NULL, 6, 3),
(323, 'visite alternant', '2014-01-19', '10:49:54', '2014-01-19', '14:47:30', 'Roanne', 'Clermont Ferrand', 57458, 57658, 7, 2),
(324, 'visite alternant', '2014-01-21', '08:34:05', '2014-01-21', '09:38:53', 'Roanne', 'Le Coteau', 62296, 62304, 2, 1),
(325, 'visite alternant', '2014-01-21', '10:52:07', '2014-01-22', '10:01:43', 'Roanne', 'Montpellier', 57658, 58658, 2, 2),
(326, 'visite alternant', '2014-01-21', '11:38:10', '2014-01-21', '13:11:46', 'Roanne', 'Riorges', NULL, NULL, 4, 3),
(327, 'visite alternant', '2014-01-22', '08:24:35', '2014-01-22', '10:22:11', 'Roanne', 'Mably', NULL, NULL, 5, 3),
(328, 'visite stagiaire', '2014-01-23', '11:18:54', '2014-01-23', '12:21:54', 'Roanne', 'Riorges', 62304, 62310, 1, 1),
(329, 'visite stagiaire', '2014-01-25', '08:40:10', '2014-01-25', '10:13:46', 'Roanne', 'Riorges', NULL, NULL, 3, 3),
(330, 'visite alternant', '2014-01-25', '11:44:48', '2014-01-26', '10:54:24', 'Roanne', 'Bordeaux', 62310, 63310, 1, 1),
(331, 'visite stagiaire', '2014-01-26', '10:04:55', '2014-01-26', '11:09:43', 'Roanne', 'Le Coteau', 58658, 58666, 5, 2),
(332, 'visite stagiaire', '2014-01-28', '09:48:15', '2014-01-29', '08:57:51', 'Roanne', 'Bordeaux', 58666, 59666, 4, 2),
(333, 'visite alternant', '2014-01-30', '09:45:00', '2014-01-30', '11:30:36', 'Roanne', 'Le Coteau', NULL, NULL, 1, 3),
(334, 'visite alternant', '2014-02-02', '09:08:26', '2014-02-02', '11:06:02', 'Roanne', 'Mably', NULL, NULL, 7, 3),
(335, 'visite alternant', '2014-02-02', '11:22:58', '2014-02-03', '07:32:34', 'Roanne', 'Marseille', 63310, 64110, 3, 1),
(336, 'visite stagiaire', '2014-02-03', '09:14:29', '2014-02-03', '13:12:05', 'Roanne', 'Clermont Ferrand', 59666, 59866, 2, 2),
(337, 'visite alternant', '2014-02-05', '11:31:24', '2014-02-05', '12:41:00', 'Roanne', 'Roanne', NULL, NULL, 1, 3),
(338, 'visite alternant', '2014-02-09', '09:19:38', '2014-02-09', '10:22:38', 'Roanne', 'Riorges', 64110, 64116, 1, 1),
(339, 'visite alternant', '2014-02-10', '08:16:00', '2014-02-11', '07:25:36', 'Roanne', 'Montpellier', 59866, 60866, 4, 2),
(340, 'visite alternant', '2014-02-13', '09:47:53', '2014-02-14', '11:57:29', 'Roanne', 'Nantes', 64116, 65316, 2, 1),
(341, 'visite alternant', '2014-02-13', '11:04:42', '2014-02-13', '13:02:18', 'Roanne', 'Mably', NULL, NULL, 2, 3),
(342, 'visite alternant', '2014-02-14', '10:10:03', '2014-02-14', '17:07:39', 'Roanne', 'Bourg En Bresse', 60866, 61266, 1, 2),
(343, 'visite alternant', '2014-02-15', '11:33:36', '2014-02-15', '12:43:12', 'Roanne', 'Roanne', NULL, NULL, 4, 3),
(344, 'visite alternant', '2014-02-16', '11:10:23', '2014-02-16', '22:37:59', 'Roanne', 'Poitiers', 65316, 66016, 6, 1),
(345, 'visite stagiaire', '2014-02-18', '08:52:23', '2014-02-18', '15:49:59', 'Roanne', 'Bourg En Bresse', 66016, 66416, 7, 1),
(346, 'visite stagiaire', '2014-02-19', '09:44:32', '2014-02-19', '11:30:08', 'Roanne', 'Le Coteau', NULL, NULL, 2, 3),
(347, 'visite alternant', '2014-02-19', '11:17:47', '2014-02-20', '10:27:23', 'Roanne', 'Bordeaux', 61266, 62266, 1, 2),
(348, 'visite stagiaire', '2014-02-22', '09:51:26', '2014-02-22', '10:54:26', 'Roanne', 'Riorges', 66416, 66422, 7, 1),
(349, 'visite alternant', '2014-02-22', '11:07:32', '2014-02-22', '12:17:08', 'Roanne', 'Roanne', NULL, NULL, 5, 3),
(350, 'visite alternant', '2014-02-26', '08:52:46', '2014-02-27', '05:02:22', 'Roanne', 'Paris', 62266, 63066, 3, 2),
(351, 'visite alternant', '2014-02-28', '10:39:49', '2014-02-28', '14:37:25', 'Roanne', 'Lyon', 63066, 63266, 1, 2),
(352, 'visite stagiaire', '2014-02-28', '11:05:53', '2014-02-28', '15:03:29', 'Roanne', 'Clermont Ferrand', 66422, 66622, 1, 1),
(353, 'visite alternant', '2014-03-02', '09:20:21', '2014-03-02', '10:53:57', 'Roanne', 'Riorges', NULL, NULL, 7, 3),
(354, 'visite stagiaire', '2014-03-03', '11:14:53', '2014-03-03', '12:48:29', 'Roanne', 'Riorges', NULL, NULL, 1, 3),
(355, 'visite alternant', '2014-03-05', '09:35:51', '2014-03-06', '05:45:27', 'Roanne', 'Strasbourg', 66622, 67422, 2, 1),
(356, 'visite alternant', '2014-03-07', '10:01:44', '2014-03-07', '11:06:32', 'Roanne', 'Le Coteau', 67422, 67430, 3, 1),
(357, 'visite alternant', '2014-03-07', '11:30:41', '2014-03-07', '13:28:17', 'Roanne', 'Mably', NULL, NULL, 2, 3),
(358, 'visite alternant', '2014-03-08', '08:18:13', '2014-03-08', '16:45:49', 'Roanne', 'Limoges', 63266, 63766, 6, 2),
(359, 'visite stagiaire', '2014-03-13', '09:05:17', '2014-03-13', '10:50:53', 'Roanne', 'Le Coteau', NULL, NULL, 3, 3),
(360, 'visite alternant', '2014-03-14', '08:45:28', '2014-03-14', '09:50:16', 'Roanne', 'Le Coteau', 67430, 67438, 3, 1),
(361, 'visite stagiaire', '2014-03-14', '09:35:04', '2014-03-15', '05:44:40', 'Roanne', 'Paris', 63766, 64566, 3, 2),
(362, 'visite alternant', '2014-03-15', '09:45:37', '2014-03-15', '11:43:13', 'Roanne', 'Mably', NULL, NULL, 1, 3),
(363, 'visite alternant', '2014-03-19', '09:20:37', '2014-03-19', '10:27:13', 'Roanne', 'Mably', 67438, 67448, 6, 1),
(364, 'visite stagiaire', '2014-03-20', '08:09:53', '2014-03-20', '09:43:29', 'Roanne', 'Riorges', NULL, NULL, 4, 3),
(365, 'visite alternant', '2014-03-20', '08:30:16', '2014-03-21', '04:39:52', 'Roanne', 'Marseille', 64566, 65366, 1, 2),
(366, 'visite stagiaire', '2014-03-23', '11:25:42', '2014-03-24', '07:35:18', 'Roanne', 'Marseille', 67448, 68248, 7, 1),
(367, 'visite stagiaire', '2014-03-24', '09:57:04', '2014-03-25', '06:06:40', 'Roanne', 'Strasbourg', 65366, 66166, 4, 2),
(368, 'visite stagiaire', '2014-03-25', '11:00:30', '2014-03-25', '14:58:06', 'Roanne', 'Lyon', 68248, 68448, 1, 1),
(369, 'visite stagiaire', '2014-03-26', '09:16:45', '2014-03-26', '11:14:21', 'Roanne', 'Mably', NULL, NULL, 5, 3),
(370, 'visite stagiaire', '2014-03-28', '10:05:08', '2014-03-28', '14:02:44', 'Roanne', 'Clermont Ferrand', 66166, 66366, 2, 2),
(371, 'visite alternant', '2014-03-30', '11:45:45', '2014-03-30', '14:19:21', 'Roanne', 'Le Coteau', NULL, NULL, 3, NULL),
(372, 'visite alternant', '2014-04-01', '08:09:23', '2014-04-01', '09:42:59', 'Roanne', 'Riorges', NULL, NULL, 2, 3),
(373, 'visite alternant', '2014-04-01', '10:38:08', '2014-04-01', '14:35:44', 'Roanne', 'Clermont Ferrand', 68448, 68648, 7, 1),
(374, 'visite stagiaire', '2014-04-05', '09:42:36', '2014-04-05', '11:16:12', 'Roanne', 'Riorges', NULL, NULL, 3, 3),
(375, 'visite alternant', '2014-04-07', '11:31:39', '2014-04-07', '13:41:15', 'Roanne', 'Riorges', NULL, NULL, 7, NULL),
(376, 'visite alternant', '2014-04-08', '10:44:26', '2014-04-08', '11:43:50', 'Roanne', 'Roanne', 68648, 68650, 7, 1),
(377, 'visite alternant', '2014-04-08', '11:48:12', '2014-04-08', '23:15:48', 'Roanne', 'Poitiers', 66366, 67066, 3, 2),
(378, 'visite stagiaire', '2014-04-10', '10:10:05', '2014-04-10', '12:07:41', 'Roanne', 'Mably', NULL, NULL, 2, 3),
(379, 'visite alternant', '2014-04-12', '08:42:05', '2014-04-12', '10:27:41', 'Roanne', 'Le Coteau', NULL, NULL, 3, 3),
(380, 'visite stagiaire', '2014-04-15', '09:23:26', '2014-04-16', '08:33:02', 'Roanne', 'Bordeaux', 67080, 68080, 5, 2),
(381, 'visite alternant', '2014-04-15', '11:03:25', '2014-04-16', '13:13:01', 'Roanne', 'Nantes', 68650, 69850, 1, 1),
(382, 'visite stagiaire', '2014-04-19', '10:24:28', '2014-04-19', '11:58:04', 'Roanne', 'Riorges', NULL, NULL, 7, 3),
(383, 'visite stagiaire', '2014-04-21', '09:32:24', '2014-04-21', '10:39:00', 'Roanne', 'Mably', 69850, 69860, 1, 1),
(384, 'visite stagiaire', '2014-04-22', '09:22:07', '2014-04-23', '11:31:43', 'Roanne', 'Nantes', 68080, 69280, 5, 2),
(385, 'visite stagiaire', '2014-04-26', '08:56:47', '2014-04-27', '05:06:23', 'Roanne', 'Strasbourg', 69280, 70080, 2, 2),
(386, 'visite stagiaire', '2014-04-27', '09:46:43', '2014-04-27', '11:20:19', 'Roanne', 'Riorges', NULL, NULL, 2, 3),
(387, 'visite stagiaire', '2014-04-29', '10:56:36', '2014-04-30', '07:06:12', 'Roanne', 'Marseille', 69860, 70660, 2, 1),
(388, 'visite stagiaire', '2014-04-30', '09:04:21', '2014-04-30', '13:01:57', 'Roanne', 'Clermont Ferrand', 70080, 70280, 2, 2),
(389, 'visite alternant', '2014-05-02', '10:04:08', '2014-05-03', '06:13:44', 'Roanne', 'Marseille', 70660, 71460, 5, 1),
(390, 'visite alternant', '2014-05-03', '09:40:14', '2014-05-04', '05:49:50', 'Roanne', 'Marseille', 70280, 71080, 3, 2),
(391, 'visite stagiaire', '2014-05-04', '09:25:23', '2014-05-04', '10:58:59', 'Roanne', 'Riorges', NULL, NULL, 1, 3),
(392, 'visite alternant', '2014-05-05', '10:50:38', '2014-05-05', '11:55:26', 'Roanne', 'Le Coteau', 71080, 71088, 7, 2),
(393, 'visite alternant', '2014-05-08', '09:16:05', '2014-05-08', '10:49:41', 'Roanne', 'Riorges', NULL, NULL, 6, 3),
(394, 'visite stagiaire', '2014-05-09', '10:10:17', '2014-05-09', '18:37:53', 'Roanne', 'Limoges', 71460, 71960, 2, 1),
(395, 'visite alternant', '2014-05-10', '11:31:11', '2014-05-10', '15:28:47', 'Roanne', 'St-Etienne', 71088, 71288, 5, 2),
(396, 'visite stagiaire', '2014-05-12', '09:01:46', '2014-05-12', '10:59:22', 'Roanne', 'Mably', NULL, NULL, 5, 3),
(397, 'visite stagiaire', '2014-05-13', '08:25:55', '2014-05-14', '04:35:31', 'Roanne', 'Marseille', 71288, 72088, 6, 2),
(398, 'visite stagiaire', '2014-05-13', '10:38:55', '2014-05-14', '06:48:31', 'Roanne', 'Marseille', 71960, 72760, 7, 1),
(399, 'visite stagiaire', '2014-05-16', '10:04:50', '2014-05-16', '12:02:26', 'Roanne', 'Mably', NULL, NULL, 5, 3),
(400, 'visite alternant', '2014-05-16', '11:32:00', '2014-05-17', '07:41:36', 'Roanne', 'Marseille', 72760, 73560, 4, 1),
(401, 'visite stagiaire', '2014-05-19', '08:03:11', '2014-05-19', '16:30:47', 'Roanne', 'Limoges', 73560, 74060, 2, 1),
(402, 'visite alternant', '2014-05-19', '11:48:47', '2014-05-19', '13:22:23', 'Roanne', 'Riorges', NULL, NULL, 6, 3),
(403, 'visite alternant', '2014-05-20', '09:27:22', '2014-05-20', '13:24:58', 'Roanne', 'Lyon', 74060, 74260, 1, 1),
(404, 'visite alternant', '2014-05-21', '09:52:15', '2014-05-21', '18:19:51', 'Roanne', 'Limoges', 72088, 72588, 4, 2),
(405, 'visite stagiaire', '2014-05-24', '08:39:13', '2014-05-25', '07:48:49', 'Roanne', 'Montpellier', 74260, 75260, 3, 1),
(406, 'visite alternant', '2014-05-24', '11:52:15', '2014-05-24', '13:25:51', 'Roanne', 'Riorges', NULL, NULL, 7, 3),
(407, 'visite stagiaire', '2014-05-26', '10:34:15', '2014-05-27', '06:43:51', 'Roanne', 'Marseille', 72588, 73388, 4, 2),
(408, 'visite alternant', '2014-05-29', '08:08:54', '2014-05-29', '10:06:30', 'Roanne', 'Mably', NULL, NULL, 6, 3),
(409, 'visite stagiaire', '2014-05-29', '09:17:23', '2014-05-30', '05:26:59', 'Roanne', 'Marseille', 75260, 76060, 2, 1),
(410, 'visite stagiaire', '2014-05-30', '10:59:58', '2014-05-31', '07:09:34', 'Roanne', 'Marseille', 73388, 74188, 1, 2),
(411, 'visite stagiaire', '2014-06-04', '10:18:41', '2014-06-04', '11:21:41', 'Roanne', 'Riorges', 74188, 74194, 3, 2),
(412, 'visite alternant', '2014-06-05', '11:09:37', '2014-06-06', '10:19:13', 'Roanne', 'Montpellier', 76060, 77060, 5, 1),
(413, 'visite alternant', '2014-06-06', '10:07:40', '2014-06-06', '12:05:16', 'Roanne', 'Mably', NULL, NULL, 6, 3),
(414, 'visite alternant', '2014-06-08', '09:38:44', '2014-06-08', '11:00:20', 'Roanne', 'Roanne', NULL, NULL, 5, NULL),
(415, 'visite stagiaire', '2014-06-10', '09:55:57', '2014-06-10', '11:29:33', 'Roanne', 'Riorges', NULL, NULL, 2, 3),
(416, 'visite alternant', '2014-06-10', '10:50:58', '2014-06-10', '11:57:34', 'Roanne', 'Mably', 74194, 74204, 4, 2),
(417, 'visite stagiaire', '2014-06-12', '10:31:40', '2014-06-13', '09:41:16', 'Roanne', 'Bordeaux', 74204, 75204, 6, 2),
(418, 'visite alternant', '2014-06-14', '08:15:55', '2014-06-15', '04:25:31', 'Roanne', 'Strasbourg', 75204, 76004, 5, 2),
(419, 'visite alternant', '2014-06-14', '10:13:31', '2014-06-15', '09:23:07', 'Roanne', 'Bordeaux', 77060, 78060, 3, 1),
(420, 'visite alternant', '2014-06-17', '10:13:08', '2014-06-17', '17:10:44', 'Roanne', 'Bourg En Bresse', 78062, 78462, 3, 1),
(421, 'visite alternant', '2014-06-18', '11:52:00', '2014-06-18', '13:25:36', 'Roanne', 'Riorges', NULL, NULL, 5, 3),
(422, 'visite stagiaire', '2014-06-21', '10:12:45', '2014-06-21', '11:22:21', 'Roanne', 'Roanne', NULL, NULL, 5, 3);
INSERT INTO `trajet` (`idTrajet`, `nature`, `dateDepart`, `heureDepart`, `dateArrivee`, `heureArrivee`, `lieuDepart`, `destination`, `kilometrageDepart`, `kilometrageRetour`, `idPersonne`, `idVehicule`) VALUES
(423, 'visite stagiaire', '2014-06-22', '10:35:23', '2014-06-23', '06:44:59', 'Roanne', 'Marseille', 76004, 76804, 4, 2),
(424, 'visite alternant', '2014-06-25', '09:48:54', '2014-06-25', '13:46:30', 'Roanne', 'Clermont Ferrand', 76804, 77004, 2, 2),
(425, 'visite alternant', '2014-06-25', '10:03:18', '2014-06-26', '09:12:54', 'Roanne', 'Bordeaux', 78462, 79462, 3, 1),
(426, 'visite alternant', '2014-06-28', '08:42:59', '2014-06-28', '09:52:35', 'Roanne', 'Roanne', NULL, NULL, 5, 3),
(427, 'visite alternant', '2014-06-29', '11:20:19', '2014-06-29', '12:29:55', 'Roanne', 'Roanne', NULL, NULL, 6, 3),
(428, 'visite stagiaire', '2014-06-30', '08:13:02', '2014-06-30', '16:40:38', 'Roanne', 'Limoges', 79462, 79962, 3, 1),
(429, 'visite stagiaire', '2014-07-02', '09:20:24', '2014-07-02', '16:18:00', 'Roanne', 'Bourg En Bresse', 79962, 80362, 5, 1),
(430, 'visite stagiaire', '2014-07-02', '09:57:00', '2014-07-03', '06:06:36', 'Roanne', 'Marseille', 77004, 77804, 5, 2),
(431, 'visite stagiaire', '2014-07-04', '08:16:35', '2014-07-04', '12:14:11', 'Roanne', 'Clermont Ferrand', 80362, 80562, 5, 1),
(432, 'visite stagiaire', '2014-07-05', '08:43:14', '2014-07-05', '10:28:50', 'Roanne', 'Le Coteau', NULL, NULL, 5, 3),
(433, 'visite stagiaire', '2014-07-08', '08:09:43', '2014-07-08', '16:37:19', 'Roanne', 'Limoges', 80562, 81062, 5, 1),
(434, 'visite stagiaire', '2014-07-10', '10:01:06', '2014-07-10', '13:58:42', 'Roanne', 'Lyon', 77804, 78004, 5, 2),
(435, 'visite stagiaire', '2014-07-12', '11:59:34', '2014-07-12', '13:57:10', 'Roanne', 'Mably', NULL, NULL, 2, 3),
(436, 'visite stagiaire', '2014-07-13', '10:46:25', '2014-07-13', '14:44:01', 'Roanne', 'Lyon', 81062, 81262, 5, 1),
(437, 'visite stagiaire', '2014-07-15', '09:03:43', '2014-07-15', '13:01:19', 'Roanne', 'St-Etienne', 81262, 81462, 2, 1),
(438, 'visite alternant', '2014-07-16', '09:13:17', '2014-07-17', '11:22:53', 'Roanne', 'Nantes', 78004, 79204, 5, 2),
(439, 'visite alternant', '2014-07-17', '09:35:57', '2014-07-17', '10:45:33', 'Roanne', 'Roanne', NULL, NULL, 6, 3),
(440, 'visite alternant', '2014-07-17', '11:01:02', '2014-07-18', '07:10:38', 'Roanne', 'Strasbourg', 81462, 82262, 7, 1),
(441, 'visite stagiaire', '2014-07-18', '08:37:49', '2014-07-18', '09:44:25', 'Roanne', 'Mably', 79204, 79214, 1, 2),
(442, 'visite stagiaire', '2014-07-19', '11:29:02', '2014-07-19', '13:26:38', 'Roanne', 'Mably', NULL, NULL, 5, 3),
(443, 'visite alternant', '2014-07-20', '11:31:04', '2014-07-21', '07:40:40', 'Roanne', 'Paris', 82262, 83062, 7, 1),
(444, 'visite stagiaire', '2014-07-22', '08:11:22', '2014-07-22', '09:16:10', 'Roanne', 'Le Coteau', 79214, 79222, 5, 2),
(445, 'visite stagiaire', '2014-07-22', '08:30:32', '2014-07-22', '12:28:08', 'Roanne', 'Lyon', 83062, 83262, 1, 1),
(446, 'visite stagiaire', '2014-07-27', '09:03:21', '2014-07-27', '10:36:57', 'Roanne', 'Riorges', NULL, NULL, 3, 3),
(447, 'visite alternant', '2014-07-28', '11:44:35', '2014-07-29', '19:54:11', 'Roanne', 'Lille', 79222, 80822, 5, 2),
(448, 'visite alternant', '2014-07-29', '11:24:27', '2014-07-30', '19:34:03', 'Roanne', 'Lille', 83262, 84862, 7, 1),
(449, 'visite stagiaire', '2014-08-01', '11:19:22', '2014-08-01', '12:52:58', 'Roanne', 'Riorges', NULL, NULL, 2, 3),
(450, 'visite stagiaire', '2014-08-03', '09:24:37', '2014-08-03', '11:22:13', 'Roanne', 'Mably', NULL, NULL, 4, 3),
(451, 'visite alternant', '2014-08-04', '08:28:04', '2014-08-05', '04:37:40', 'Roanne', 'Strasbourg', 84862, 85662, 6, 1),
(452, 'visite alternant', '2014-08-05', '10:39:15', '2014-08-06', '06:48:51', 'Roanne', 'Strasbourg', 80822, 81622, 6, 2),
(453, 'visite stagiaire', '2014-08-10', '09:23:49', '2014-08-10', '11:21:25', 'Roanne', 'Mably', NULL, NULL, 7, 3),
(454, 'visite stagiaire', '2014-08-10', '10:33:59', '2014-08-11', '06:43:35', 'Roanne', 'Paris', 85662, 86462, 1, 1),
(455, 'visite stagiaire', '2014-08-11', '10:42:55', '2014-08-12', '12:52:31', 'Roanne', 'Nantes', 81622, 82822, 5, 2),
(456, 'visite stagiaire', '2014-08-15', '09:53:39', '2014-08-15', '11:39:15', 'Roanne', 'Le Coteau', NULL, NULL, 7, 3),
(457, 'visite alternant', '2014-08-15', '10:57:53', '2014-08-16', '07:07:29', 'Roanne', 'Paris', 82822, 83622, 4, 2),
(458, 'visite alternant', '2014-08-16', '09:11:11', '2014-08-17', '08:20:47', 'Roanne', 'Montpellier', 86462, 87462, 7, 1),
(459, 'visite stagiaire', '2014-08-18', '08:00:31', '2014-08-18', '09:34:07', 'Roanne', 'Riorges', NULL, NULL, 3, 3),
(460, 'visite alternant', '2014-08-18', '11:16:52', '2014-08-18', '15:14:28', 'Roanne', 'Clermont Ferrand', 87462, 87662, 4, 1),
(461, 'visite stagiaire', '2014-08-20', '09:18:26', '2014-08-20', '10:52:02', 'Roanne', 'Riorges', NULL, NULL, 3, 3),
(462, 'visite alternant', '2014-08-20', '10:43:10', '2014-08-20', '19:10:46', 'Roanne', 'Limoges', 87662, 88162, 4, 1),
(463, 'visite alternant', '2014-08-21', '10:26:06', '2014-08-21', '11:59:42', 'Roanne', 'Riorges', NULL, NULL, 3, 3),
(464, 'visite alternant', '2014-08-23', '09:19:26', '2014-08-24', '05:29:02', 'Roanne', 'Marseille', 83622, 84422, 4, 2),
(465, 'visite stagiaire', '2014-08-24', '11:54:16', '2014-08-24', '18:51:52', 'Roanne', 'Bourg En Bresse', 88162, 88562, 2, 1),
(466, 'visite stagiaire', '2014-08-27', '10:26:52', '2014-08-27', '14:24:28', 'Roanne', 'St-Etienne', 88562, 88762, 4, 1),
(467, 'visite stagiaire', '2014-08-28', '09:38:27', '2014-08-28', '16:36:03', 'Roanne', 'Bourg En Bresse', 84422, 84822, 3, 2),
(468, 'visite stagiaire', '2014-08-28', '11:46:55', '2014-08-28', '13:20:31', 'Roanne', 'Riorges', NULL, NULL, 3, 3),
(469, 'visite alternant', '2014-09-01', '11:27:57', '2014-09-01', '12:30:57', 'Roanne', 'Riorges', 84822, 84828, 4, 2),
(470, 'visite stagiaire', '2014-09-03', '09:41:02', '2014-09-03', '11:38:38', 'Roanne', 'Mably', NULL, NULL, 3, 3),
(471, 'visite alternant', '2014-09-04', '11:14:38', '2014-09-04', '22:42:14', 'Roanne', 'Poitiers', 88762, 89462, 7, 1),
(472, 'visite stagiaire', '2014-09-05', '09:39:34', '2014-09-05', '18:07:10', 'Roanne', 'Limoges', 84828, 85328, 1, 2),
(473, 'visite alternant', '2014-09-08', '09:39:03', '2014-09-08', '21:06:39', 'Roanne', 'Poitiers', 89462, 90162, 7, 1),
(474, 'visite alternant', '2014-09-10', '10:11:39', '2014-09-10', '11:21:15', 'Roanne', 'Roanne', NULL, NULL, 4, 3),
(475, 'visite alternant', '2014-09-12', '10:50:23', '2014-09-12', '11:53:23', 'Roanne', 'Riorges', 85328, 85334, 2, 2),
(476, 'visite stagiaire', '2014-09-13', '09:13:02', '2014-09-14', '08:22:38', 'Roanne', 'Montpellier', 90162, 91162, 2, 1),
(477, 'visite stagiaire', '2014-09-14', '08:57:38', '2014-09-14', '10:55:14', 'Roanne', 'Mably', NULL, NULL, 4, 3),
(478, 'visite alternant', '2014-09-16', '09:23:41', '2014-09-17', '05:33:17', 'Roanne', 'Strasbourg', 91162, 91962, 6, 1),
(479, 'visite alternant', '2014-09-17', '10:34:36', '2014-09-17', '12:20:12', 'Roanne', 'Le Coteau', NULL, NULL, 3, 3),
(480, 'visite alternant', '2014-09-18', '09:22:21', '2014-09-19', '08:31:57', 'Roanne', 'Montpellier', 85334, 86334, 2, 2),
(481, 'visite alternant', '2014-09-18', '11:31:12', '2014-09-18', '13:04:48', 'Roanne', 'Riorges', NULL, NULL, 2, 3),
(482, 'visite stagiaire', '2014-09-19', '11:57:25', '2014-09-19', '12:56:49', 'Roanne', 'Roanne', 91962, 91964, 2, 1),
(483, 'visite alternant', '2014-09-23', '08:14:55', '2014-09-24', '04:24:31', 'Roanne', 'Marseille', 86334, 87134, 4, 2),
(484, 'visite stagiaire', '2014-09-25', '09:20:42', '2014-09-25', '11:06:18', 'Roanne', 'Le Coteau', NULL, NULL, 7, 3),
(485, 'visite alternant', '2014-09-26', '08:32:00', '2014-09-26', '09:38:36', 'Roanne', 'Mably', 91964, 91974, 6, 1),
(486, 'visite alternant', '2014-09-27', '10:35:51', '2014-09-28', '06:45:27', 'Roanne', 'Paris', 87134, 87934, 1, 2),
(487, 'visite stagiaire', '2014-09-28', '09:40:26', '2014-09-28', '11:26:02', 'Roanne', 'Le Coteau', NULL, NULL, 6, 3),
(488, 'visite alternant', '2014-09-29', '08:39:38', '2014-09-30', '16:49:14', 'Roanne', 'Lille', 87934, 89534, 1, 2),
(489, 'visite alternant', '2014-10-01', '08:00:38', '2014-10-02', '04:10:14', 'Roanne', 'Paris', 91974, 92774, 6, 1),
(490, 'visite stagiaire', '2014-10-02', '09:30:49', '2014-10-02', '10:40:25', 'Roanne', 'Roanne', NULL, NULL, 5, 3),
(491, 'visite alternant', '2014-10-03', '10:27:35', '2014-10-04', '06:37:11', 'Roanne', 'Paris', 89534, 90334, 6, 2),
(492, 'visite alternant', '2014-10-06', '10:19:37', '2014-10-06', '14:17:13', 'Roanne', 'Clermont Ferrand', 92774, 92974, 3, 1),
(493, 'visite alternant', '2014-10-08', '10:56:13', '2014-10-08', '12:41:49', 'Roanne', 'Le Coteau', NULL, NULL, 7, 3),
(494, 'visite alternant', '2014-10-10', '10:08:55', '2014-10-10', '14:06:31', 'Roanne', 'St-Etienne', 92974, 93174, 1, 1),
(495, 'visite alternant', '2014-10-11', '09:17:02', '2014-10-11', '11:14:38', 'Roanne', 'Mably', NULL, NULL, 2, 3),
(496, 'visite stagiaire', '2014-10-11', '10:42:00', '2014-10-11', '11:46:48', 'Roanne', 'Le Coteau', 90334, 90342, 6, 2),
(497, 'visite alternant', '2014-10-17', '10:45:37', '2014-10-18', '09:55:13', 'Roanne', 'Montpellier', 90342, 91342, 1, 2),
(498, 'visite alternant', '2014-10-18', '08:16:03', '2014-10-18', '09:49:39', 'Roanne', 'Riorges', NULL, NULL, 5, 3),
(499, 'visite stagiaire', '2014-10-18', '08:44:34', '2014-10-18', '17:12:10', 'Roanne', 'Limoges', 93174, 93674, 2, 1),
(500, 'visite alternant', '2014-10-22', '11:34:06', '2014-10-22', '18:31:42', 'Roanne', 'Bourg En Bresse', 91342, 91742, 2, 2),
(501, 'visite alternant', '2014-10-23', '10:02:58', '2014-10-23', '11:36:34', 'Roanne', 'Riorges', NULL, NULL, 1, 3),
(502, 'visite stagiaire', '2014-10-24', '09:30:33', '2014-10-24', '10:33:33', 'Roanne', 'Riorges', 93674, 93680, 7, 1),
(503, 'visite stagiaire', '2014-10-24', '11:04:21', '2014-10-24', '22:31:57', 'Roanne', 'Poitiers', 91742, 92442, 7, 2),
(504, 'visite stagiaire', '2014-10-26', '10:23:09', '2014-10-27', '12:32:45', 'Roanne', 'Nantes', 92442, 93642, 1, 2),
(505, 'visite alternant', '2014-10-30', '08:05:52', '2014-10-30', '12:03:28', 'Roanne', 'Lyon', 93680, 93880, 6, 1),
(506, 'visite alternant', '2014-10-30', '10:54:45', '2014-10-30', '12:52:21', 'Roanne', 'Mably', NULL, NULL, 2, 3),
(507, 'visite stagiaire', '2014-10-31', '09:40:14', '2014-10-31', '13:37:50', 'Roanne', 'Lyon', 93642, 93842, 7, 2),
(508, 'visite alternant', '2014-11-04', '08:24:15', '2014-11-04', '09:33:51', 'Roanne', 'Roanne', NULL, NULL, 7, 3),
(509, 'visite stagiaire', '2014-11-04', '11:26:49', '2014-11-05', '10:36:25', 'Roanne', 'Bordeaux', 93880, 94880, 6, 1),
(510, 'visite stagiaire', '2014-11-05', '10:12:12', '2014-11-05', '17:09:48', 'Roanne', 'Bourg En Bresse', 93842, 94242, 2, 2),
(511, 'visite stagiaire', '2014-11-09', '08:08:43', '2014-11-09', '09:18:19', 'Roanne', 'Roanne', NULL, NULL, 4, 3),
(512, 'visite alternant', '2014-11-09', '11:27:13', '2014-11-09', '12:26:37', 'Roanne', 'Roanne', 94242, 94244, 1, 2),
(513, 'visite alternant', '2014-11-10', '11:42:13', '2014-11-11', '10:51:49', 'Roanne', 'Bordeaux', 94880, 95880, 5, 1),
(514, 'visite alternant', '2014-11-12', '09:04:30', '2014-11-12', '10:38:06', 'Roanne', 'Riorges', NULL, NULL, 6, 3),
(515, 'visite stagiaire', '2014-11-12', '10:53:20', '2014-11-13', '13:02:56', 'Roanne', 'Nantes', 95880, 97080, 4, 1),
(516, 'visite stagiaire', '2014-11-13', '09:44:20', '2014-11-13', '10:50:56', 'Roanne', 'Mably', 94244, 94254, 3, 2),
(517, 'visite stagiaire', '2014-11-13', '09:56:05', '2014-11-13', '11:41:41', 'Roanne', 'Le Coteau', NULL, NULL, 5, 3),
(518, 'visite stagiaire', '2014-11-16', '10:34:29', '2014-11-16', '17:32:05', 'Roanne', 'Bourg En Bresse', 97080, 97480, 6, 1),
(519, 'visite stagiaire', '2014-11-19', '09:34:42', '2014-11-19', '10:44:18', 'Roanne', 'Roanne', NULL, NULL, 6, 3),
(520, 'visite stagiaire', '2014-11-20', '11:50:22', '2014-11-20', '12:53:22', 'Roanne', 'Riorges', 94254, 94260, 1, 2),
(521, 'visite stagiaire', '2014-11-22', '10:30:15', '2014-11-23', '06:39:51', 'Roanne', 'Paris', 97480, 98280, 2, 1),
(522, 'visite alternant', '2014-11-23', '09:14:24', '2014-11-23', '10:48:00', 'Roanne', 'Riorges', NULL, NULL, 1, 3),
(523, 'visite alternant', '2014-11-25', '08:03:25', '2014-11-26', '04:13:01', 'Roanne', 'Strasbourg', 94260, 95060, 7, 2),
(524, 'visite stagiaire', '2014-11-27', '08:35:00', '2014-11-28', '04:44:36', 'Roanne', 'Marseille', 95060, 95860, 1, 2),
(525, 'visite alternant', '2014-11-28', '11:05:18', '2014-11-28', '15:02:54', 'Roanne', 'Lyon', 98280, 98480, 6, 1),
(526, 'visite alternant', '2014-11-30', '08:16:16', '2014-11-30', '09:25:52', 'Roanne', 'Roanne', NULL, NULL, 6, 3),
(527, 'visite stagiaire', '2014-12-04', '10:34:40', '2014-12-05', '06:44:16', 'Roanne', 'Strasbourg', 95860, 96660, 3, 2),
(528, 'visite alternant', '2014-12-04', '10:38:07', '2014-12-04', '12:35:43', 'Roanne', 'Mably', NULL, NULL, 7, 3),
(529, 'visite stagiaire', '2014-12-06', '08:30:10', '2014-12-06', '10:03:46', 'Roanne', 'Riorges', NULL, NULL, 6, 3),
(530, 'visite alternant', '2014-12-06', '09:24:54', '2014-12-06', '10:31:30', 'Roanne', 'Mably', 98480, 98490, 7, 1),
(531, 'visite stagiaire', '2014-12-08', '11:15:06', '2014-12-08', '12:21:42', 'Roanne', 'Mably', 96660, 96670, 3, 2),
(532, 'visite stagiaire', '2014-12-11', '10:28:53', '2014-12-11', '12:02:29', 'Roanne', 'Riorges', NULL, NULL, 1, 3),
(533, 'visite alternant', '2014-12-13', '09:03:11', '2014-12-13', '16:00:47', 'Roanne', 'Bourg En Bresse', 98490, 98890, 2, 1),
(534, 'visite stagiaire', '2014-12-13', '11:05:15', '2014-12-13', '12:50:51', 'Roanne', 'Le Coteau', NULL, NULL, 6, 3),
(535, 'visite alternant', '2014-12-15', '10:58:22', '2014-12-15', '14:55:58', 'Roanne', 'St-Etienne', 98890, 99090, 4, 1),
(536, 'visite alternant', '2014-12-16', '08:36:36', '2014-12-17', '10:46:12', 'Roanne', 'Nantes', 96670, 97870, 5, 2),
(537, 'visite alternant', '2014-12-17', '11:02:50', '2014-12-17', '12:48:26', 'Roanne', 'Le Coteau', NULL, NULL, 5, 3),
(538, 'visite stagiaire', '2014-12-20', '09:41:46', '2014-12-21', '08:51:22', 'Roanne', 'Bordeaux', 97870, 98870, 1, 2),
(539, 'visite alternant', '2014-12-21', '08:18:24', '2014-12-22', '16:28:00', 'Roanne', 'Lille', 99090, 100690, 7, 1),
(540, 'visite alternant', '2014-12-22', '10:56:48', '2014-12-22', '12:30:24', 'Roanne', 'Riorges', NULL, NULL, 4, 3),
(541, 'visite stagiaire', '2014-12-24', '09:36:25', '2014-12-25', '05:46:01', 'Roanne', 'Strasbourg', 98870, 99670, 5, 2),
(542, 'visite alternant', '2014-12-28', '09:54:03', '2014-12-29', '09:03:39', 'Roanne', 'Montpellier', 100690, 101690, 1, 1),
(543, 'visite alternant', '2014-12-28', '09:57:53', '2014-12-28', '11:43:29', 'Roanne', 'Le Coteau', NULL, NULL, 3, 3),
(544, 'visite alternant', '2014-12-31', '08:14:44', '2015-01-01', '16:24:20', 'Roanne', 'Lille', 101690, 103290, 7, 1),
(545, 'visite alternant', '2015-01-01', '09:14:38', '2015-01-01', '10:17:38', 'Roanne', 'Riorges', 99670, 99676, 2, 2),
(546, 'visite stagiaire', '2015-01-03', '10:18:21', '2015-01-03', '11:51:57', 'Roanne', 'Riorges', NULL, NULL, 1, 3),
(547, 'visite alternant', '2015-01-03', '11:31:01', '2015-01-04', '07:40:37', 'Roanne', 'Strasbourg', 103290, 104090, 6, 1),
(548, 'visite alternant', '2015-01-07', '08:34:49', '2015-01-07', '17:02:25', 'Roanne', 'Limoges', 99676, 100176, 6, 2),
(549, 'visite alternant', '2015-01-09', '10:20:58', '2015-01-09', '11:30:34', 'Roanne', 'Roanne', NULL, NULL, 7, 3),
(550, 'visite alternant', '2015-01-11', '08:58:49', '2015-01-12', '08:08:25', 'Roanne', 'Bordeaux', 104090, 105090, 1, 1),
(551, 'visite stagiaire', '2015-01-12', '09:31:43', '2015-01-13', '05:41:19', 'Roanne', 'Marseille', 100176, 100976, 5, 2),
(552, 'visite alternant', '2015-01-14', '11:21:22', '2015-01-14', '12:30:58', 'Roanne', 'Roanne', NULL, NULL, 6, 3),
(553, 'visite alternant', '2015-01-15', '08:28:44', '2015-01-15', '19:56:20', 'Roanne', 'Poitiers', 105090, 105790, 1, 1),
(554, 'visite alternant', '2015-01-16', '09:29:32', '2015-01-16', '10:32:32', 'Roanne', 'Riorges', 100976, 100982, 6, 2),
(555, 'visite stagiaire', '2015-01-18', '09:14:30', '2015-01-18', '10:48:06', 'Roanne', 'Riorges', NULL, NULL, 6, 3),
(556, 'visite stagiaire', '2015-01-21', '08:26:49', '2015-01-21', '19:54:25', 'Roanne', 'Poitiers', 105790, 106490, 4, 1),
(557, 'visite stagiaire', '2015-01-23', '10:35:26', '2015-01-23', '12:09:02', 'Roanne', 'Riorges', NULL, NULL, 5, 3),
(558, 'visite alternant', '2015-01-23', '11:46:16', '2015-01-23', '12:45:40', 'Roanne', 'Roanne', 100982, 100984, 2, 2),
(559, 'visite stagiaire', '2015-01-24', '08:03:42', '2015-01-24', '09:49:18', 'Roanne', 'Le Coteau', NULL, NULL, 7, 3),
(560, 'visite alternant', '2015-01-27', '08:24:16', '2015-01-27', '09:23:40', 'Roanne', 'Roanne', 106490, 106492, 6, 1),
(561, 'visite stagiaire', '2015-01-28', '08:35:41', '2015-01-28', '09:42:17', 'Roanne', 'Mably', 106492, 106502, 2, 1),
(562, 'visite stagiaire', '2015-01-28', '11:31:05', '2015-01-28', '18:28:41', 'Roanne', 'Bourg En Bresse', 100984, 101384, 7, 2),
(563, 'visite stagiaire', '2015-01-29', '10:43:24', '2015-01-29', '11:53:00', 'Roanne', 'Roanne', NULL, NULL, 7, 3),
(564, 'visite alternant', '2015-02-01', '11:11:19', '2015-02-02', '07:20:55', 'Roanne', 'Strasbourg', 101384, 102184, 1, 2),
(565, 'visite alternant', '2015-02-01', '11:38:20', '2015-02-01', '12:37:44', 'Roanne', 'Roanne', 106502, 106504, 1, 1),
(566, 'visite stagiaire', '2015-02-04', '08:41:16', '2015-02-04', '15:38:52', 'Roanne', 'Bourg En Bresse', 106504, 106904, 4, 1),
(567, 'visite alternant', '2015-02-05', '09:06:53', '2015-02-05', '10:52:29', 'Roanne', 'Le Coteau', NULL, NULL, 7, 3),
(568, 'visite alternant', '2015-02-05', '10:25:06', '2015-02-05', '14:22:42', 'Roanne', 'Clermont Ferrand', 102184, 102384, 3, 2),
(569, 'visite alternant', '2015-02-11', '08:43:11', '2015-02-11', '10:28:47', 'Roanne', 'Le Coteau', NULL, NULL, 1, 3),
(570, 'visite alternant', '2015-02-11', '09:10:07', '2015-02-11', '20:37:43', 'Roanne', 'Poitiers', 102384, 103084, 2, 2),
(571, 'visite alternant', '2015-02-11', '09:16:54', '2015-02-12', '05:26:30', 'Roanne', 'Marseille', 106904, 107704, 2, 1),
(572, 'visite alternant', '2015-02-14', '10:25:50', '2015-02-15', '12:35:26', 'Roanne', 'Nantes', 107704, 108904, 3, 1),
(573, 'visite alternant', '2015-02-15', '10:06:40', '2015-02-15', '21:34:16', 'Roanne', 'Poitiers', 103084, 103784, 3, 2),
(574, 'visite alternant', '2015-02-15', '10:22:13', '2015-02-15', '12:07:49', 'Roanne', 'Le Coteau', NULL, NULL, 3, 3),
(575, 'visite alternant', '2015-02-19', '11:27:17', '2015-02-20', '07:36:53', 'Roanne', 'Paris', 103784, 104584, 4, 2),
(576, 'visite alternant', '2015-02-21', '09:01:24', '2015-02-21', '12:59:00', 'Roanne', 'Lyon', 108904, 109104, 4, 1),
(577, 'visite alternant', '2015-02-21', '09:17:12', '2015-02-21', '10:26:48', 'Roanne', 'Roanne', NULL, NULL, 1, 3),
(578, 'visite alternant', '2015-02-22', '09:05:53', '2015-02-23', '17:15:29', 'Roanne', 'Lille', 104584, 106184, 1, 2),
(579, 'visite alternant', '2015-02-23', '11:37:04', '2015-02-24', '07:46:40', 'Roanne', 'Strasbourg', 109104, 109904, 3, 1),
(580, 'visite alternant', '2015-02-28', '10:30:28', '2015-02-28', '11:40:04', 'Roanne', 'Roanne', NULL, NULL, 6, 3),
(581, 'visite alternant', '2015-02-28', '11:57:05', '2015-02-28', '20:24:41', 'Roanne', 'Limoges', 109904, 110404, 7, 1),
(582, 'visite stagiaire', '2015-03-01', '10:50:01', '2015-03-01', '17:47:37', 'Roanne', 'Bourg En Bresse', 106184, 106584, 5, 2),
(583, 'visite alternant', '2015-03-04', '11:28:26', '2015-03-04', '13:14:02', 'Roanne', 'Le Coteau', NULL, NULL, 4, 3),
(584, 'visite alternant', '2015-03-06', '09:41:02', '2015-03-06', '10:44:02', 'Roanne', 'Riorges', 110404, 110410, 4, 1),
(585, 'visite stagiaire', '2015-03-06', '11:20:33', '2015-03-06', '19:48:09', 'Roanne', 'Limoges', 106584, 107084, 4, 2),
(586, 'visite alternant', '2015-03-08', '09:26:44', '2015-03-08', '10:36:20', 'Roanne', 'Roanne', NULL, NULL, 6, 3),
(587, 'visite alternant', '2015-03-09', '11:50:15', '2015-03-09', '12:53:15', 'Roanne', 'Riorges', 107084, 107090, 7, 2),
(588, 'visite alternant', '2015-03-11', '11:46:20', '2015-03-11', '23:13:56', 'Roanne', 'Poitiers', 107090, 107790, 4, 2),
(589, 'visite alternant', '2015-03-12', '08:32:52', '2015-03-12', '09:37:40', 'Roanne', 'Le Coteau', 110410, 110418, 4, 1),
(590, 'visite stagiaire', '2015-03-14', '11:14:26', '2015-03-14', '13:00:02', 'Roanne', 'Le Coteau', NULL, NULL, 6, 3),
(591, 'visite alternant', '2015-03-17', '08:50:40', '2015-03-17', '09:55:28', 'Roanne', 'Le Coteau', 107790, 107798, 2, 2),
(592, 'visite alternant', '2015-03-17', '09:03:33', '2015-03-17', '13:01:09', 'Roanne', 'St-Etienne', 110418, 110618, 5, 1),
(593, 'visite stagiaire', '2015-03-18', '08:43:27', '2015-03-19', '07:53:03', 'Roanne', 'Bordeaux', 110618, 111618, 7, 1),
(594, 'visite stagiaire', '2015-03-18', '10:13:38', '2015-03-18', '11:47:14', 'Roanne', 'Riorges', NULL, NULL, 5, 3),
(595, 'visite alternant', '2015-03-23', '10:48:42', '2015-03-23', '11:48:06', 'Roanne', 'Roanne', 107798, 107800, 4, 2),
(596, 'visite alternant', '2015-03-24', '09:28:43', '2015-03-24', '10:38:19', 'Roanne', 'Roanne', NULL, NULL, 4, 3),
(597, 'visite alternant', '2015-03-24', '11:31:31', '2015-03-24', '12:38:07', 'Roanne', 'Mably', 111618, 111628, 7, 1),
(598, 'visite alternant', '2015-03-28', '09:47:56', '2015-03-28', '11:45:32', 'Roanne', 'Mably', NULL, NULL, 7, 3),
(599, 'visite stagiaire', '2015-03-28', '10:58:39', '2015-03-28', '22:26:15', 'Roanne', 'Poitiers', 107800, 108500, 4, 2),
(600, 'visite alternant', '2015-03-31', '09:42:17', '2015-03-31', '10:41:41', 'Roanne', 'Roanne', 111628, 111630, 3, 1),
(601, 'visite stagiaire', '2015-04-01', '08:47:25', '2015-04-01', '09:50:25', 'Roanne', 'Riorges', 111630, 111636, 3, 1),
(602, 'visite stagiaire', '2015-04-05', '11:07:47', '2015-04-05', '12:41:23', 'Roanne', 'Riorges', NULL, NULL, 2, 3),
(603, 'visite stagiaire', '2015-04-05', '11:27:47', '2015-04-06', '10:37:23', 'Roanne', 'Bordeaux', 108500, 109500, 3, 2),
(604, 'visite stagiaire', '2015-04-06', '09:28:03', '2015-04-06', '13:25:39', 'Roanne', 'Clermont Ferrand', 111636, 111836, 6, 1),
(605, 'visite stagiaire', '2015-04-09', '11:56:47', '2015-04-10', '11:06:23', 'Roanne', 'Bordeaux', 111836, 112836, 6, 1),
(606, 'visite stagiaire', '2015-04-10', '09:30:06', '2015-04-10', '11:15:42', 'Roanne', 'Le Coteau', NULL, NULL, 6, 3),
(607, 'visite stagiaire', '2015-04-11', '10:29:48', '2015-04-11', '11:29:12', 'Roanne', 'Roanne', 109500, 109502, 7, 2),
(608, 'visite stagiaire', '2015-04-12', '08:44:38', '2015-04-12', '12:42:14', 'Roanne', 'Clermont Ferrand', 109502, 109702, 7, 2),
(609, 'visite stagiaire', '2015-04-15', '11:28:46', '2015-04-16', '10:38:22', 'Roanne', 'Montpellier', 112836, 113836, 3, 1),
(610, 'visite stagiaire', '2015-04-17', '11:28:23', '2015-04-17', '13:13:59', 'Roanne', 'Le Coteau', NULL, NULL, 7, 3),
(611, 'visite alternant', '2015-04-17', '11:59:38', '2015-04-18', '08:09:14', 'Roanne', 'Paris', 113836, 114636, 4, 1),
(612, 'visite alternant', '2015-04-18', '10:10:05', '2015-04-18', '11:09:29', 'Roanne', 'Roanne', 109702, 109704, 1, 2),
(613, 'visite stagiaire', '2015-04-19', '09:58:20', '2015-04-19', '11:43:56', 'Roanne', 'Le Coteau', NULL, NULL, 7, 3),
(614, 'visite alternant', '2015-04-19', '11:23:25', '2015-04-19', '12:28:13', 'Roanne', 'Le Coteau', 109704, 109712, 6, 2),
(615, 'visite stagiaire', '2015-04-23', '08:53:46', '2015-04-23', '12:51:22', 'Roanne', 'Lyon', 109712, 109912, 2, 2),
(616, 'visite alternant', '2015-04-24', '08:52:15', '2015-04-24', '09:55:15', 'Roanne', 'Riorges', 114636, 114642, 1, 1),
(617, 'visite stagiaire', '2015-04-25', '08:32:52', '2015-04-25', '12:30:28', 'Roanne', 'Clermont Ferrand', 109912, 110112, 4, 2),
(618, 'visite alternant', '2015-04-27', '09:39:01', '2015-04-27', '10:45:37', 'Roanne', 'Mably', 110112, 110122, 6, 2),
(619, 'visite alternant', '2015-04-27', '11:31:15', '2015-04-27', '12:40:51', 'Roanne', 'Roanne', NULL, NULL, 1, 3),
(620, 'visite alternant', '2015-04-30', '10:32:52', '2015-04-30', '11:39:28', 'Roanne', 'Mably', 114642, 114652, 3, 1),
(621, 'visite alternant', '2015-05-01', '09:53:50', '2015-05-01', '11:39:26', 'Roanne', 'Le Coteau', NULL, NULL, 2, 3),
(622, 'visite stagiaire', '2015-05-03', '10:39:51', '2015-05-03', '12:13:27', 'Roanne', 'Riorges', NULL, NULL, 2, 3),
(623, 'visite stagiaire', '2015-05-04', '08:13:09', '2015-05-05', '04:22:45', 'Roanne', 'Marseille', 110122, 110922, 6, 2),
(624, 'visite alternant', '2015-05-06', '08:07:42', '2015-05-07', '10:17:18', 'Roanne', 'Nantes', 110922, 112122, 5, 2),
(625, 'visite alternant', '2015-05-07', '08:11:32', '2015-05-08', '04:21:08', 'Roanne', 'Strasbourg', 114652, 115452, 2, 1),
(626, 'visite stagiaire', '2015-05-08', '10:16:01', '2015-05-08', '12:01:37', 'Roanne', 'Le Coteau', NULL, NULL, 5, 3),
(627, 'visite alternant', '2015-05-09', '08:52:29', '2015-05-09', '12:50:05', 'Roanne', 'St-Etienne', 112122, 112322, 4, 2),
(628, 'visite stagiaire', '2015-05-12', '09:38:40', '2015-05-12', '18:06:16', 'Roanne', 'Limoges', 115452, 115952, 7, 1),
(629, 'visite alternant', '2015-05-14', '08:23:26', '2015-05-14', '10:09:02', 'Roanne', 'Le Coteau', NULL, NULL, 3, 3),
(630, 'visite alternant', '2015-05-16', '08:41:18', '2015-05-16', '12:38:54', 'Roanne', 'Clermont Ferrand', 112322, 112522, 6, 2),
(631, 'visite alternant', '2015-05-18', '10:25:21', '2015-05-19', '06:34:57', 'Roanne', 'Strasbourg', 115952, 116752, 5, 1),
(632, 'visite alternant', '2015-05-19', '09:51:35', '2015-05-19', '11:25:11', 'Roanne', 'Riorges', NULL, NULL, 1, 3),
(633, 'visite alternant', '2015-05-21', '09:39:52', '2015-05-21', '10:49:28', 'Roanne', 'Roanne', NULL, NULL, 7, 3),
(634, 'visite stagiaire', '2015-05-23', '10:57:43', '2015-05-23', '12:04:19', 'Roanne', 'Mably', 112522, 112532, 5, 2),
(635, 'visite stagiaire', '2015-05-25', '11:38:19', '2015-05-26', '10:47:55', 'Roanne', 'Montpellier', 116752, 117752, 6, 1),
(636, 'visite stagiaire', '2015-05-26', '08:01:29', '2015-05-26', '09:35:05', 'Roanne', 'Riorges', NULL, NULL, 5, 3),
(637, 'visite stagiaire', '2015-05-27', '09:39:30', '2015-05-27', '18:07:06', 'Roanne', 'Limoges', 112532, 113032, 5, 2),
(638, 'visite stagiaire', '2015-05-29', '08:46:33', '2015-05-29', '09:49:33', 'Roanne', 'Riorges', 117752, 117758, 7, 1),
(639, 'visite alternant', '2015-05-30', '08:38:59', '2015-05-30', '10:12:35', 'Roanne', 'Riorges', NULL, NULL, 7, 3),
(640, 'visite alternant', '2015-05-31', '09:42:59', '2015-05-31', '11:16:35', 'Roanne', 'Riorges', NULL, NULL, 3, 3),
(641, 'visite stagiaire', '2015-06-04', '09:40:58', '2015-06-05', '05:50:34', 'Roanne', 'Paris', 113032, 113832, 1, 2),
(642, 'visite alternant', '2015-06-04', '10:33:32', '2015-06-04', '22:01:08', 'Roanne', 'Poitiers', 117758, 118458, 4, 1),
(643, 'visite stagiaire', '2015-06-07', '08:34:43', '2015-06-07', '09:44:19', 'Roanne', 'Roanne', NULL, NULL, 1, 3),
(644, 'visite alternant', '2015-06-10', '09:19:54', '2015-06-10', '10:29:30', 'Roanne', 'Roanne', NULL, NULL, 4, 3),
(645, 'visite stagiaire', '2015-06-10', '10:56:54', '2015-06-10', '19:24:30', 'Roanne', 'Limoges', 113832, 114332, 2, 2),
(646, 'visite stagiaire', '2015-06-12', '09:46:31', '2015-06-13', '05:56:07', 'Roanne', 'Paris', 118458, 119258, 7, 1),
(647, 'visite stagiaire', '2015-06-14', '09:18:54', '2015-06-14', '10:28:30', 'Roanne', 'Roanne', NULL, NULL, 2, 3),
(648, 'visite stagiaire', '2015-06-18', '08:17:21', '2015-06-18', '15:14:57', 'Roanne', 'Bourg En Bresse', 114332, 114732, 5, 2),
(649, 'visite stagiaire', '2015-06-18', '10:31:22', '2015-06-19', '18:40:58', 'Roanne', 'Lille', 119258, 120858, 5, 1),
(650, 'visite stagiaire', '2015-06-18', '11:17:02', '2015-06-18', '12:26:38', 'Roanne', 'Roanne', NULL, NULL, 4, 3),
(651, 'visite stagiaire', '2015-06-22', '09:09:57', '2015-06-22', '10:43:33', 'Roanne', 'Riorges', NULL, NULL, 7, 3),
(652, 'visite alternant', '2015-06-25', '10:26:41', '2015-06-26', '12:36:17', 'Roanne', 'Nantes', 120858, 122058, 6, 1),
(653, 'visite stagiaire', '2015-06-26', '11:54:51', '2015-06-27', '08:04:27', 'Roanne', 'Strasbourg', 114732, 115532, 2, 2),
(654, 'visite alternant', '2015-06-29', '10:46:23', '2015-06-29', '12:19:59', 'Roanne', 'Riorges', NULL, NULL, 3, 3),
(655, 'visite alternant', '2015-06-30', '11:41:42', '2015-07-01', '13:51:18', 'Roanne', 'Nantes', 122058, 123258, 1, 1),
(656, 'visite stagiaire', '2015-07-01', '11:02:52', '2015-07-02', '19:12:28', 'Roanne', 'Lille', 115532, 117132, 4, 2),
(657, 'visite alternant', '2015-07-03', '09:09:57', '2015-07-03', '10:12:57', 'Roanne', 'Riorges', 117132, 117138, 1, 2),
(658, 'visite stagiaire', '2015-07-03', '09:40:28', '2015-07-03', '13:38:04', 'Roanne', 'St-Etienne', 123258, 123458, 1, 1),
(659, 'visite alternant', '2015-07-07', '10:04:59', '2015-07-08', '06:14:35', 'Roanne', 'Marseille', 117138, 117938, 1, 2),
(660, 'visite stagiaire', '2015-07-07', '11:35:57', '2015-07-07', '13:09:33', 'Roanne', 'Riorges', NULL, NULL, 5, 3),
(661, 'visite alternant', '2015-07-08', '11:41:57', '2015-07-08', '12:51:33', 'Roanne', 'Roanne', NULL, NULL, 4, 3),
(662, 'visite alternant', '2015-07-09', '09:34:58', '2015-07-10', '11:44:34', 'Roanne', 'Nantes', 117938, 119138, 4, 2),
(663, 'visite alternant', '2015-07-10', '11:27:47', '2015-07-10', '15:25:23', 'Roanne', 'St-Etienne', 123458, 123658, 5, 1),
(664, 'visite stagiaire', '2015-07-13', '11:57:11', '2015-07-13', '23:24:47', 'Roanne', 'Poitiers', 119138, 119838, 4, 2),
(665, 'visite alternant', '2015-07-14', '09:22:08', '2015-07-14', '10:55:44', 'Roanne', 'Riorges', NULL, NULL, 1, 3),
(666, 'visite stagiaire', '2015-07-16', '08:47:11', '2015-07-17', '07:56:47', 'Roanne', 'Montpellier', 119838, 120838, 2, 2),
(667, 'visite stagiaire', '2015-07-16', '09:57:44', '2015-07-17', '06:07:20', 'Roanne', 'Marseille', 123658, 124458, 2, 1),
(668, 'visite stagiaire', '2015-07-19', '09:53:09', '2015-07-19', '13:50:45', 'Roanne', 'St-Etienne', 120838, 121038, 5, 2),
(669, 'visite alternant', '2015-07-21', '09:45:29', '2015-07-21', '11:19:05', 'Roanne', 'Riorges', NULL, NULL, 3, 3),
(670, 'visite stagiaire', '2015-07-21', '10:33:07', '2015-07-21', '19:00:43', 'Roanne', 'Limoges', 121038, 121538, 1, 2),
(671, 'visite stagiaire', '2015-07-22', '09:23:27', '2015-07-23', '11:33:03', 'Roanne', 'Nantes', 121538, 122738, 3, 2),
(672, 'visite alternant', '2015-07-23', '09:37:24', '2015-07-23', '10:44:00', 'Roanne', 'Mably', 124458, 124468, 7, 1),
(673, 'visite stagiaire', '2015-07-24', '10:27:52', '2015-07-24', '12:25:28', 'Roanne', 'Mably', NULL, NULL, 1, 3),
(674, 'visite stagiaire', '2015-07-25', '08:00:47', '2015-07-26', '07:10:23', 'Roanne', 'Bordeaux', 124468, 125468, 1, 1),
(675, 'visite alternant', '2015-07-25', '11:10:58', '2015-07-25', '15:08:34', 'Roanne', 'Clermont Ferrand', 122738, 122938, 2, 2),
(676, 'visite stagiaire', '2015-07-29', '11:12:08', '2015-07-29', '12:57:44', 'Roanne', 'Le Coteau', NULL, NULL, 2, 3),
(677, 'visite alternant', '2015-07-30', '11:18:39', '2015-07-30', '15:16:15', 'Roanne', 'Clermont Ferrand', 122938, 123138, 5, 2),
(678, 'visite alternant', '2015-07-31', '09:25:56', '2015-07-31', '13:23:32', 'Roanne', 'Lyon', 125468, 125668, 2, 1),
(679, 'visite stagiaire', '2015-08-04', '09:30:24', '2015-08-05', '08:40:00', 'Roanne', 'Montpellier', 123138, 124138, 3, 2),
(680, 'visite alternant', '2015-08-06', '10:01:39', '2015-08-06', '11:47:15', 'Roanne', 'Le Coteau', NULL, NULL, 6, 3),
(681, 'visite stagiaire', '2015-08-07', '10:07:19', '2015-08-08', '06:16:55', 'Roanne', 'Strasbourg', 125668, 126468, 1, 1),
(682, 'visite alternant', '2015-08-07', '10:27:44', '2015-08-07', '14:25:20', 'Roanne', 'Clermont Ferrand', 124138, 124338, 1, 2),
(683, 'visite stagiaire', '2015-08-10', '09:15:25', '2015-08-10', '11:13:01', 'Roanne', 'Mably', NULL, NULL, 6, 3),
(684, 'visite stagiaire', '2015-08-12', '11:33:58', '2015-08-13', '19:43:34', 'Roanne', 'Lille', 124338, 125938, 4, 2),
(685, 'visite stagiaire', '2015-08-13', '08:02:00', '2015-08-14', '04:11:36', 'Roanne', 'Strasbourg', 126468, 127268, 6, 1),
(686, 'visite stagiaire', '2015-08-14', '10:16:34', '2015-08-14', '11:50:10', 'Roanne', 'Riorges', NULL, NULL, 5, 3),
(687, 'visite alternant', '2015-08-16', '10:59:03', '2015-08-17', '19:08:39', 'Roanne', 'Lille', 125938, 127538, 3, 2),
(688, 'visite stagiaire', '2015-08-19', '09:53:17', '2015-08-19', '13:50:53', 'Roanne', 'Lyon', 127538, 127738, 4, 2),
(689, 'visite alternant', '2015-08-19', '10:57:38', '2015-08-19', '12:07:14', 'Roanne', 'Roanne', NULL, NULL, 1, 3),
(690, 'visite stagiaire', '2015-08-20', '09:16:45', '2015-08-20', '16:14:21', 'Roanne', 'Bourg En Bresse', 127268, 127668, 3, 1),
(691, 'visite stagiaire', '2015-08-21', '08:53:46', '2015-08-21', '10:27:22', 'Roanne', 'Riorges', NULL, NULL, 2, 3),
(692, 'visite alternant', '2015-08-24', '11:51:06', '2015-08-24', '13:00:42', 'Roanne', 'Roanne', NULL, NULL, 2, 3),
(693, 'visite alternant', '2015-08-26', '09:21:52', '2015-08-26', '10:26:40', 'Roanne', 'Le Coteau', 127668, 127676, 5, 1),
(694, 'visite alternant', '2015-08-26', '10:17:01', '2015-08-26', '12:02:37', 'Roanne', 'Le Coteau', NULL, NULL, 4, 3),
(695, 'visite alternant', '2015-08-27', '10:38:22', '2015-08-27', '14:35:58', 'Roanne', 'St-Etienne', 127738, 127938, 6, 2),
(696, 'visite stagiaire', '2015-08-31', '09:37:27', '2015-08-31', '10:47:03', 'Roanne', 'Roanne', NULL, NULL, 7, 3),
(697, 'visite alternant', '2015-09-02', '11:48:48', '2015-09-02', '15:46:24', 'Roanne', 'St-Etienne', 127676, 127876, 7, 1),
(698, 'visite alternant', '2015-09-03', '08:21:38', '2015-09-03', '09:26:26', 'Roanne', 'Le Coteau', 127938, 127946, 5, 2),
(699, 'visite stagiaire', '2015-09-05', '08:24:18', '2015-09-05', '12:21:54', 'Roanne', 'Lyon', 127946, 128146, 6, 2),
(700, 'visite stagiaire', '2015-09-07', '09:25:30', '2015-09-07', '11:23:06', 'Roanne', 'Mably', NULL, NULL, 7, 3),
(701, 'visite stagiaire', '2015-09-08', '08:50:22', '2015-09-08', '10:35:58', 'Roanne', 'Le Coteau', NULL, NULL, 6, 3),
(702, 'visite stagiaire', '2015-09-09', '11:39:25', '2015-09-10', '07:49:01', 'Roanne', 'Strasbourg', 128146, 128946, 1, 2),
(703, 'visite alternant', '2015-09-10', '09:49:50', '2015-09-10', '10:59:26', 'Roanne', 'Roanne', NULL, NULL, 4, 3),
(704, 'visite stagiaire', '2015-09-10', '10:43:01', '2015-09-10', '17:40:37', 'Roanne', 'Bourg En Bresse', 127876, 128276, 6, 1),
(705, 'visite alternant', '2015-09-11', '10:56:49', '2015-09-12', '07:06:25', 'Roanne', 'Strasbourg', 128946, 129746, 4, 2),
(706, 'visite stagiaire', '2015-09-14', '08:42:56', '2015-09-15', '07:52:32', 'Roanne', 'Montpellier', 128276, 129276, 2, 1),
(707, 'visite stagiaire', '2015-09-15', '08:16:50', '2015-09-15', '10:14:26', 'Roanne', 'Mably', NULL, NULL, 2, 3),
(708, 'visite stagiaire', '2015-09-15', '11:08:52', '2015-09-15', '12:08:16', 'Roanne', 'Roanne', 129746, 129748, 4, 2),
(709, 'visite alternant', '2015-09-16', '10:57:15', '2015-09-17', '10:06:51', 'Roanne', 'Montpellier', 129276, 130276, 4, 1),
(710, 'visite alternant', '2015-09-22', '10:36:28', '2015-09-22', '12:10:04', 'Roanne', 'Riorges', NULL, NULL, 7, 3),
(711, 'visite stagiaire', '2015-09-22', '11:34:18', '2015-09-22', '12:40:54', 'Roanne', 'Mably', 129748, 129758, 7, 2),
(712, 'visite alternant', '2015-09-23', '08:54:19', '2015-09-24', '11:03:55', 'Roanne', 'Nantes', 130276, 131476, 6, 1),
(713, 'visite alternant', '2015-09-24', '10:05:07', '2015-09-25', '18:14:43', 'Roanne', 'Lille', 129758, 131358, 4, 2),
(714, 'visite alternant', '2015-09-26', '11:43:36', '2015-09-26', '23:11:12', 'Roanne', 'Poitiers', 131476, 132176, 2, 1),
(715, 'visite alternant', '2015-09-27', '09:16:07', '2015-09-27', '10:25:43', 'Roanne', 'Roanne', NULL, NULL, 3, 3),
(716, 'visite alternant', '2015-09-28', '09:45:05', '2015-09-29', '08:54:41', 'Roanne', 'Montpellier', 132176, 133176, 6, 1),
(717, 'visite alternant', '2015-10-01', '09:23:27', '2015-10-01', '10:26:27', 'Roanne', 'Riorges', 131358, 131364, 2, 2),
(718, 'visite alternant', '2015-10-03', '09:35:36', '2015-10-03', '11:21:12', 'Roanne', 'Le Coteau', NULL, NULL, 5, 3),
(719, 'visite stagiaire', '2015-10-04', '10:42:17', '2015-10-04', '19:09:53', 'Roanne', 'Limoges', 131364, 131864, 3, 2),
(720, 'visite alternant', '2015-10-06', '10:04:26', '2015-10-06', '11:03:50', 'Roanne', 'Roanne', 133176, 133178, 3, 1),
(721, 'visite stagiaire', '2015-10-06', '11:33:23', '2015-10-07', '07:42:59', 'Roanne', 'Paris', 131864, 132664, 4, 2),
(722, 'visite stagiaire', '2015-10-10', '11:52:01', '2015-10-10', '13:01:37', 'Roanne', 'Roanne', NULL, NULL, 7, 3),
(723, 'visite stagiaire', '2015-10-11', '11:35:40', '2015-10-12', '10:45:16', 'Roanne', 'Bordeaux', 133178, 134178, 4, 1),
(724, 'visite alternant', '2015-10-13', '11:11:31', '2015-10-13', '22:39:07', 'Roanne', 'Poitiers', 132664, 133364, 4, 2),
(725, 'visite stagiaire', '2015-10-14', '11:37:22', '2015-10-15', '07:46:58', 'Roanne', 'Strasbourg', 134178, 134978, 1, 1),
(726, 'visite alternant', '2015-10-16', '08:35:10', '2015-10-16', '09:44:46', 'Roanne', 'Roanne', NULL, NULL, 4, 3),
(727, 'visite alternant', '2015-10-17', '10:16:16', '2015-10-17', '11:25:52', 'Roanne', 'Roanne', NULL, NULL, 1, 3),
(728, 'visite stagiaire', '2015-10-18', '09:13:43', '2015-10-18', '17:41:19', 'Roanne', 'Limoges', 133364, 133864, 1, 2),
(729, 'visite alternant', '2015-10-18', '11:13:56', '2015-10-18', '12:20:32', 'Roanne', 'Mably', 134978, 134988, 1, 1),
(730, 'visite stagiaire', '2015-10-21', '08:01:17', '2015-10-22', '10:10:53', 'Roanne', 'Nantes', 134988, 136188, 7, 1),
(731, 'visite stagiaire', '2015-10-21', '08:46:43', '2015-10-21', '10:32:19', 'Roanne', 'Le Coteau', NULL, NULL, 1, 3),
(732, 'visite alternant', '2015-10-23', '11:32:46', '2015-10-23', '20:00:22', 'Roanne', 'Limoges', 136188, 136688, 2, 1),
(733, 'visite alternant', '2015-10-23', '11:49:27', '2015-10-24', '10:59:03', 'Roanne', 'Bordeaux', 133864, 134864, 4, 2),
(734, 'visite stagiaire', '2015-10-24', '10:27:57', '2015-10-24', '12:25:33', 'Roanne', 'Mably', NULL, NULL, 3, 3),
(735, 'visite alternant', '2015-10-26', '10:36:15', '2015-10-26', '11:39:15', 'Roanne', 'Riorges', 134864, 134870, 6, 2),
(736, 'visite alternant', '2015-10-27', '10:23:51', '2015-10-27', '12:21:27', 'Roanne', 'Mably', NULL, NULL, 2, 3),
(737, 'visite alternant', '2015-10-28', '08:48:32', '2015-10-29', '04:58:08', 'Roanne', 'Strasbourg', 136688, 137488, 4, 1),
(738, 'visite stagiaire', '2015-10-29', '11:24:04', '2015-10-29', '13:21:40', 'Roanne', 'Mably', NULL, NULL, 3, 3),
(739, 'visite alternant', '2015-10-31', '10:00:25', '2015-10-31', '11:05:13', 'Roanne', 'Le Coteau', 134870, 134878, 5, 2),
(740, 'visite alternant', '2015-11-04', '08:26:55', '2015-11-05', '16:36:31', 'Roanne', 'Lille', 137488, 139088, 2, 1),
(741, 'visite alternant', '2015-11-04', '10:37:12', '2015-11-04', '22:04:48', 'Roanne', 'Poitiers', 134878, 135578, 1, 2),
(742, 'visite alternant', '2015-11-05', '11:14:17', '2015-11-05', '13:11:53', 'Roanne', 'Mably', NULL, NULL, 4, 3),
(743, 'visite stagiaire', '2015-11-09', '08:47:05', '2015-11-09', '20:14:41', 'Roanne', 'Poitiers', 135578, 136278, 6, 2),
(744, 'visite alternant', '2015-11-12', '11:46:45', '2015-11-12', '13:20:21', 'Roanne', 'Riorges', NULL, NULL, 1, 3),
(745, 'visite alternant', '2015-11-13', '10:19:38', '2015-11-14', '18:29:14', 'Roanne', 'Lille', 139088, 140688, 5, 1),
(746, 'visite alternant', '2015-11-14', '10:02:44', '2015-11-15', '12:12:20', 'Roanne', 'Nantes', 136278, 137478, 4, 2),
(747, 'visite stagiaire', '2015-11-16', '09:08:52', '2015-11-16', '10:54:28', 'Roanne', 'Le Coteau', NULL, NULL, 2, 3),
(748, 'visite alternant', '2015-11-18', '11:58:39', '2015-11-18', '23:26:15', 'Roanne', 'Poitiers', 140688, 141388, 1, 1),
(749, 'visite alternant', '2015-11-21', '09:59:06', '2015-11-21', '11:56:42', 'Roanne', 'Mably', NULL, NULL, 7, 3),
(750, 'visite stagiaire', '2015-11-21', '10:09:32', '2015-11-21', '21:37:08', 'Roanne', 'Poitiers', 137478, 138178, 1, 2),
(751, 'visite stagiaire', '2015-11-23', '09:54:54', '2015-11-23', '11:01:30', 'Roanne', 'Mably', 141388, 141398, 7, 1),
(752, 'visite alternant', '2015-11-26', '10:32:56', '2015-11-26', '12:30:32', 'Roanne', 'Mably', NULL, NULL, 3, 3),
(753, 'visite alternant', '2015-11-28', '09:13:17', '2015-11-29', '08:22:53', 'Roanne', 'Bordeaux', 138178, 139178, 5, 2),
(754, 'visite stagiaire', '2015-11-29', '09:03:52', '2015-11-29', '17:31:28', 'Roanne', 'Limoges', 141398, 141898, 3, 1),
(755, 'visite alternant', '2015-11-29', '11:52:51', '2015-11-29', '13:50:27', 'Roanne', 'Mably', NULL, NULL, 4, 3),
(756, 'visite stagiaire', '2015-12-01', '08:16:39', '2015-12-02', '07:26:15', 'Roanne', 'Montpellier', 141898, 142898, 1, 1),
(757, 'visite alternant', '2015-12-01', '10:23:09', '2015-12-02', '06:32:45', 'Roanne', 'Paris', 139178, 139978, 7, 2),
(758, 'visite alternant', '2015-12-04', '08:29:20', '2015-12-04', '15:26:56', 'Roanne', 'Bourg En Bresse', 139978, 140378, 2, 2),
(759, 'visite alternant', '2015-12-04', '10:01:42', '2015-12-04', '13:59:18', 'Roanne', 'St-Etienne', 142898, 143098, 3, 1),
(760, 'visite stagiaire', '2015-12-05', '11:09:50', '2015-12-05', '12:55:26', 'Roanne', 'Le Coteau', NULL, NULL, 3, 3),
(761, 'visite stagiaire', '2015-12-09', '08:24:14', '2015-12-09', '12:21:50', 'Roanne', 'St-Etienne', 143098, 143298, 4, 1),
(762, 'visite stagiaire', '2015-12-09', '09:28:46', '2015-12-09', '11:26:22', 'Roanne', 'Mably', NULL, NULL, 6, 3),
(763, 'visite stagiaire', '2015-12-10', '09:17:25', '2015-12-11', '11:27:01', 'Roanne', 'Nantes', 140378, 141578, 2, 2),
(764, 'visite alternant', '2015-12-11', '10:19:23', '2015-12-12', '18:28:59', 'Roanne', 'Lille', 143298, 144898, 2, 1),
(765, 'visite stagiaire', '2015-12-13', '11:46:19', '2015-12-13', '12:45:43', 'Roanne', 'Roanne', 141578, 141580, 2, 2),
(766, 'visite stagiaire', '2015-12-14', '10:06:28', '2015-12-15', '09:16:04', 'Roanne', 'Montpellier', 144898, 145898, 6, 1),
(767, 'visite stagiaire', '2015-12-16', '09:45:46', '2015-12-17', '05:55:22', 'Roanne', 'Strasbourg', 145898, 146698, 1, 1),
(768, 'visite alternant', '2015-12-16', '10:50:20', '2015-12-16', '11:59:56', 'Roanne', 'Roanne', NULL, NULL, 1, 3),
(769, 'visite alternant', '2015-12-20', '08:40:24', '2015-12-21', '04:50:00', 'Roanne', 'Strasbourg', 141580, 142380, 3, 2),
(770, 'visite alternant', '2015-12-20', '08:52:43', '2015-12-20', '09:57:31', 'Roanne', 'Le Coteau', 146698, 146706, 2, 1),
(771, 'visite alternant', '2015-12-21', '10:16:43', '2015-12-21', '12:02:19', 'Roanne', 'Le Coteau', NULL, NULL, 2, 3),
(772, 'visite alternant', '2015-12-23', '08:45:57', '2015-12-23', '10:19:33', 'Roanne', 'Riorges', NULL, NULL, 5, 3),
(773, 'visite alternant', '2015-12-23', '09:47:28', '2015-12-23', '13:45:04', 'Roanne', 'Lyon', 142380, 142580, 1, 2),
(774, 'visite stagiaire', '2015-12-24', '08:36:44', '2015-12-24', '12:34:20', 'Roanne', 'Clermont Ferrand', 142580, 142780, 1, 2),
(775, 'visite alternant', '2015-12-25', '09:22:55', '2015-12-26', '08:32:31', 'Roanne', 'Montpellier', 146706, 147706, 4, 1),
(776, 'visite alternant', '2015-12-25', '09:43:34', '2015-12-25', '10:53:10', 'Roanne', 'Roanne', NULL, NULL, 6, 3),
(777, 'visite alternant', '2015-12-30', '10:12:37', '2015-12-30', '12:10:13', 'Roanne', 'Mably', NULL, NULL, 2, 3),
(778, 'visite stagiaire', '2015-12-30', '10:27:14', '2015-12-31', '12:36:50', 'Roanne', 'Nantes', 142780, 143980, 5, 2),
(779, 'visite stagiaire', '2016-01-01', '11:52:21', '2016-01-01', '12:57:09', 'Roanne', 'Le Coteau', 147706, 147714, 2, 1),
(780, 'visite stagiaire', '2016-01-02', '09:58:43', '2016-01-02', '11:01:43', 'Roanne', 'Riorges', 147714, 147720, 5, 1),
(781, 'visite alternant', '2016-01-05', '09:47:04', '2016-01-05', '16:44:40', 'Roanne', 'Bourg En Bresse', 143980, 144380, 2, 2),
(782, 'visite alternant', '2016-01-06', '11:42:02', '2016-01-06', '13:39:38', 'Roanne', 'Mably', NULL, NULL, 5, 3),
(783, 'visite stagiaire', '2016-01-07', '10:58:40', '2016-01-07', '19:26:16', 'Roanne', 'Limoges', 147720, 148220, 4, 1),
(784, 'visite stagiaire', '2016-01-08', '11:53:01', '2016-01-08', '13:26:37', 'Roanne', 'Riorges', NULL, NULL, 5, 3),
(785, 'visite alternant', '2016-01-11', '08:06:01', '2016-01-12', '04:15:37', 'Roanne', 'Marseille', 144380, 145180, 1, 2),
(786, 'visite stagiaire', '2016-01-11', '09:18:42', '2016-01-11', '20:46:18', 'Roanne', 'Poitiers', 148220, 148920, 4, 1),
(787, 'visite alternant', '2016-01-14', '08:38:30', '2016-01-14', '10:12:06', 'Roanne', 'Riorges', NULL, NULL, 6, 3),
(788, 'visite stagiaire', '2016-01-15', '08:06:35', '2016-01-15', '09:40:11', 'Roanne', 'Riorges', NULL, NULL, 1, 3),
(789, 'visite alternant', '2016-01-15', '08:44:47', '2016-01-16', '04:54:23', 'Roanne', 'Strasbourg', 148920, 149720, 6, 1),
(790, 'visite alternant', '2016-01-16', '08:15:24', '2016-01-16', '12:13:00', 'Roanne', 'Clermont Ferrand', 145180, 145380, 1, 2),
(791, 'visite stagiaire', '2016-01-18', '11:12:03', '2016-01-18', '15:09:39', 'Roanne', 'St-Etienne', 145380, 145580, 7, 2),
(792, 'visite stagiaire', '2016-01-21', '10:29:22', '2016-01-21', '12:26:58', 'Roanne', 'Mably', NULL, NULL, 7, 3),
(793, 'visite stagiaire', '2016-01-21', '10:43:31', '2016-01-21', '11:42:55', 'Roanne', 'Roanne', 149720, 149722, 3, 1),
(794, 'visite stagiaire', '2016-01-22', '08:10:49', '2016-01-22', '10:08:25', 'Roanne', 'Mably', NULL, NULL, 1, 3),
(795, 'visite alternant', '2016-01-24', '10:34:26', '2016-01-25', '18:44:02', 'Roanne', 'Lille', 145580, 147180, 7, 2),
(796, 'visite alternant', '2016-01-24', '11:51:31', '2016-01-25', '20:01:07', 'Roanne', 'Lille', 149722, 151322, 2, 1),
(797, 'visite stagiaire', '2016-01-27', '10:41:48', '2016-01-28', '09:51:24', 'Roanne', 'Montpellier', 151322, 152322, 1, 1),
(798, 'visite alternant', '2016-01-28', '08:19:56', '2016-01-28', '09:19:20', 'Roanne', 'Roanne', 147180, 147182, 1, 2),
(799, 'visite stagiaire', '2016-01-29', '09:01:02', '2016-01-29', '10:46:38', 'Roanne', 'Le Coteau', NULL, NULL, 6, 3),
(800, 'visite stagiaire', '2016-01-30', '08:36:06', '2016-01-30', '20:03:42', 'Roanne', 'Poitiers', 152322, 153022, 1, 1),
(801, 'visite alternant', '2016-02-01', '10:32:29', '2016-02-01', '17:30:05', 'Roanne', 'Bourg En Bresse', 147182, 147582, 1, 2),
(802, 'visite stagiaire', '2016-02-02', '10:44:24', '2016-02-02', '12:30:00', 'Roanne', 'Le Coteau', NULL, NULL, 3, 3),
(803, 'visite alternant', '2016-02-05', '08:58:22', '2016-02-05', '10:07:58', 'Roanne', 'Roanne', NULL, NULL, 7, 3),
(804, 'visite stagiaire', '2016-02-06', '10:58:10', '2016-02-07', '19:07:46', 'Roanne', 'Lille', 153022, 154622, 1, 1),
(805, 'visite stagiaire', '2016-02-08', '08:41:47', '2016-02-08', '10:15:23', 'Roanne', 'Riorges', NULL, NULL, 7, 3),
(806, 'visite stagiaire', '2016-02-08', '09:29:28', '2016-02-09', '08:39:04', 'Roanne', 'Montpellier', 147582, 148582, 3, 2),
(807, 'visite alternant', '2016-02-10', '11:09:00', '2016-02-10', '13:06:36', 'Roanne', 'Mably', NULL, NULL, 4, 3),
(808, 'visite alternant', '2016-02-13', '09:06:12', '2016-02-13', '10:12:48', 'Roanne', 'Mably', 148582, 148592, 2, 2),
(809, 'visite alternant', '2016-02-14', '09:20:12', '2016-02-15', '05:29:48', 'Roanne', 'Paris', 154622, 155422, 4, 1),
(810, 'visite stagiaire', '2016-02-17', '09:57:09', '2016-02-17', '11:54:45', 'Roanne', 'Mably', NULL, NULL, 1, 3),
(811, 'visite stagiaire', '2016-02-19', '10:46:19', '2016-02-19', '22:13:55', 'Roanne', 'Poitiers', 148592, 149292, 7, 2),
(812, 'visite stagiaire', '2016-02-20', '08:27:37', '2016-02-20', '10:25:13', 'Roanne', 'Mably', NULL, NULL, 4, 3),
(813, 'visite alternant', '2016-02-20', '11:36:45', '2016-02-20', '23:04:21', 'Roanne', 'Poitiers', 155422, 156122, 2, 1),
(814, 'visite stagiaire', '2016-02-21', '08:02:42', '2016-02-21', '09:02:06', 'Roanne', 'Roanne', 149292, 149294, 1, 2),
(815, 'visite alternant', '2016-02-22', '08:14:50', '2016-02-23', '16:24:26', 'Roanne', 'Lille', 156122, 157722, 5, 1),
(816, 'visite alternant', '2016-02-26', '10:02:47', '2016-02-27', '18:12:23', 'Roanne', 'Lille', 149294, 150894, 4, 2),
(817, 'visite stagiaire', '2016-02-28', '11:39:01', '2016-02-28', '13:36:37', 'Roanne', 'Mably', NULL, NULL, 6, 3),
(818, 'visite stagiaire', '2016-02-29', '09:55:58', '2016-03-01', '06:05:34', 'Roanne', 'Paris', 157722, 158522, 2, 1),
(819, 'visite stagiaire', '2016-03-02', '08:06:19', '2016-03-02', '12:03:55', 'Roanne', 'Lyon', 150894, 151094, 6, 2),
(820, 'visite stagiaire', '2016-03-02', '10:32:51', '2016-03-03', '18:42:27', 'Roanne', 'Lille', 158522, 160122, 2, 1),
(821, 'visite alternant', '2016-03-05', '08:13:04', '2016-03-05', '09:58:40', 'Roanne', 'Le Coteau', NULL, NULL, 4, 3),
(822, 'visite alternant', '2016-03-07', '11:11:58', '2016-03-08', '13:21:34', 'Roanne', 'Nantes', 151094, 152294, 5, 2),
(823, 'visite stagiaire', '2016-03-09', '11:03:07', '2016-03-09', '12:02:31', 'Roanne', 'Roanne', 160122, 160124, 7, 1),
(824, 'visite stagiaire', '2016-03-11', '09:23:47', '2016-03-11', '11:21:23', 'Roanne', 'Mably', NULL, NULL, 7, 3),
(825, 'visite stagiaire', '2016-03-13', '08:05:06', '2016-03-14', '07:14:42', 'Roanne', 'Montpellier', 152294, 153294, 1, 2),
(826, 'visite alternant', '2016-03-14', '09:07:06', '2016-03-14', '13:04:42', 'Roanne', 'Clermont Ferrand', 160124, 160324, 5, 1),
(827, 'visite stagiaire', '2016-03-16', '11:21:34', '2016-03-16', '13:07:10', 'Roanne', 'Le Coteau', NULL, NULL, 7, 3),
(828, 'visite stagiaire', '2016-03-19', '10:46:25', '2016-03-19', '11:45:49', 'Roanne', 'Roanne', 160324, 160326, 4, 1),
(829, 'visite stagiaire', '2016-03-21', '11:16:21', '2016-03-22', '10:25:57', 'Roanne', 'Bordeaux', 153294, 154294, 1, 2),
(830, 'visite alternant', '2016-03-23', '09:49:24', '2016-03-23', '11:47:00', 'Roanne', 'Mably', NULL, NULL, 1, 3),
(831, 'visite alternant', '2016-03-26', '11:35:20', '2016-03-26', '18:32:56', 'Roanne', 'Bourg En Bresse', 160326, 160726, 7, 1),
(832, 'visite alternant', '2016-03-26', '11:58:50', '2016-03-26', '13:03:38', 'Roanne', 'Le Coteau', 154294, 154302, 6, 2),
(833, 'visite stagiaire', '2016-03-28', '09:27:06', '2016-03-28', '10:36:42', 'Roanne', 'Roanne', NULL, NULL, 4, 3),
(834, 'visite alternant', '2016-03-31', '10:20:58', '2016-04-01', '06:30:34', 'Roanne', 'Marseille', 160726, 161526, 7, 1),
(835, 'visite alternant', '2016-04-01', '09:26:10', '2016-04-01', '11:23:46', 'Roanne', 'Mably', NULL, NULL, 4, 3),
(836, 'visite stagiaire', '2016-04-01', '11:40:03', '2016-04-02', '19:49:39', 'Roanne', 'Lille', 154302, 155902, 3, 2),
(837, 'visite alternant', '2016-04-05', '11:52:55', '2016-04-05', '15:50:31', 'Roanne', 'Clermont Ferrand', 161526, 161726, 1, 1),
(838, 'visite alternant', '2016-04-06', '10:10:14', '2016-04-06', '11:09:38', 'Roanne', 'Roanne', 161726, 161728, 3, 1),
(839, 'visite alternant', '2016-04-06', '10:48:14', '2016-04-06', '17:45:50', 'Roanne', 'Bourg En Bresse', 155902, 156302, 2, 2),
(840, 'visite stagiaire', '2016-04-07', '08:44:35', '2016-04-07', '12:42:11', 'Roanne', 'Clermont Ferrand', 156302, 156502, 4, 2);
INSERT INTO `trajet` (`idTrajet`, `nature`, `dateDepart`, `heureDepart`, `dateArrivee`, `heureArrivee`, `lieuDepart`, `destination`, `kilometrageDepart`, `kilometrageRetour`, `idPersonne`, `idVehicule`) VALUES
(841, 'visite stagiaire', '2016-04-08', '10:46:08', '2016-04-08', '12:43:44', 'Roanne', 'Mably', NULL, NULL, 3, 3),
(842, 'visite stagiaire', '2016-04-11', '10:23:33', '2016-04-11', '11:33:09', 'Roanne', 'Roanne', NULL, NULL, 7, 3),
(843, 'visite stagiaire', '2016-04-12', '08:54:24', '2016-04-12', '17:22:00', 'Roanne', 'Limoges', 161728, 162228, 3, 1),
(844, 'visite alternant', '2016-04-13', '08:10:33', '2016-04-13', '09:44:09', 'Roanne', 'Riorges', NULL, NULL, 2, 3),
(845, 'visite alternant', '2016-04-15', '10:06:12', '2016-04-15', '17:03:48', 'Roanne', 'Bourg En Bresse', 156502, 156902, 3, 2),
(846, 'visite stagiaire', '2016-04-16', '10:59:55', '2016-04-16', '12:45:31', 'Roanne', 'Le Coteau', NULL, NULL, 1, 3),
(847, 'visite alternant', '2016-04-17', '10:36:29', '2016-04-17', '14:34:05', 'Roanne', 'Lyon', 156902, 157102, 5, 2),
(848, 'visite alternant', '2016-04-19', '09:48:10', '2016-04-20', '11:57:46', 'Roanne', 'Nantes', 162228, 163428, 1, 1),
(849, 'visite stagiaire', '2016-04-21', '10:59:57', '2016-04-21', '12:45:33', 'Roanne', 'Le Coteau', NULL, NULL, 5, 3),
(850, 'visite alternant', '2016-04-24', '11:51:38', '2016-04-24', '12:56:26', 'Roanne', 'Le Coteau', 157102, 157110, 2, 2),
(851, 'visite alternant', '2016-04-26', '09:33:14', '2016-04-27', '08:42:50', 'Roanne', 'Bordeaux', 163428, 164428, 2, 1),
(852, 'visite alternant', '2016-04-28', '10:11:30', '2016-04-28', '11:57:06', 'Roanne', 'Le Coteau', NULL, NULL, 5, 3),
(853, 'visite stagiaire', '2016-04-28', '11:26:13', '2016-04-29', '13:35:49', 'Roanne', 'Nantes', 164428, 165628, 5, 1),
(854, 'visite alternant', '2016-05-01', '10:48:35', '2016-05-02', '12:58:11', 'Roanne', 'Nantes', 165628, 166828, 4, 1),
(855, 'visite stagiaire', '2016-05-01', '11:05:31', '2016-05-01', '12:39:07', 'Roanne', 'Riorges', NULL, NULL, 1, 3),
(856, 'visite alternant', '2016-05-02', '08:09:28', '2016-05-03', '16:19:04', 'Roanne', 'Lille', 157110, 158710, 4, 2),
(857, 'visite stagiaire', '2016-05-04', '08:54:16', '2016-05-05', '05:03:52', 'Roanne', 'Marseille', 166828, 167628, 2, 1),
(858, 'visite alternant', '2016-05-07', '08:20:44', '2016-05-07', '09:25:32', 'Roanne', 'Le Coteau', 158710, 158718, 7, 2),
(859, 'visite alternant', '2016-05-07', '09:07:25', '2016-05-07', '10:53:01', 'Roanne', 'Le Coteau', NULL, NULL, 3, 3),
(860, 'visite alternant', '2016-05-10', '11:20:03', '2016-05-10', '13:17:39', 'Roanne', 'Mably', NULL, NULL, 7, 3),
(861, 'visite stagiaire', '2016-05-12', '11:53:13', '2016-05-12', '12:58:01', 'Roanne', 'Le Coteau', 167628, 167636, 1, 1),
(862, 'visite alternant', '2016-05-13', '11:44:01', '2016-05-13', '15:41:37', 'Roanne', 'St-Etienne', 167636, 167836, 3, 1),
(863, 'visite alternant', '2016-05-15', '09:50:27', '2016-05-15', '11:36:03', 'Roanne', 'Le Coteau', NULL, NULL, 5, 3),
(864, 'visite alternant', '2016-05-15', '11:04:43', '2016-05-15', '12:09:31', 'Roanne', 'Le Coteau', 158718, 158726, 1, 2),
(865, 'visite stagiaire', '2016-05-18', '08:25:43', '2016-05-18', '12:23:19', 'Roanne', 'St-Etienne', 167836, 168036, 3, 1),
(866, 'visite alternant', '2016-05-18', '08:46:16', '2016-05-18', '10:19:52', 'Roanne', 'Riorges', NULL, NULL, 3, 3),
(867, 'visite stagiaire', '2016-05-21', '09:15:20', '2016-05-21', '11:00:56', 'Roanne', 'Le Coteau', NULL, NULL, 2, 3),
(868, 'visite alternant', '2016-05-21', '11:51:15', '2016-05-21', '12:56:03', 'Roanne', 'Le Coteau', 168036, 168044, 2, 1),
(869, 'visite alternant', '2016-05-22', '08:19:06', '2016-05-23', '07:28:42', 'Roanne', 'Bordeaux', 158726, 159726, 5, 2),
(870, 'visite stagiaire', '2016-05-24', '08:16:14', '2016-05-25', '07:25:50', 'Roanne', 'Bordeaux', 159726, 160726, 7, 2),
(871, 'visite stagiaire', '2016-05-27', '08:28:25', '2016-05-27', '12:26:01', 'Roanne', 'St-Etienne', 168044, 168244, 5, 1),
(872, 'visite alternant', '2016-05-28', '08:24:12', '2016-05-28', '10:21:48', 'Roanne', 'Mably', NULL, NULL, 6, 3),
(873, 'visite alternant', '2016-05-28', '11:03:41', '2016-05-28', '12:10:17', 'Roanne', 'Mably', 160726, 160736, 1, 2),
(874, 'visite alternant', '2016-06-01', '11:32:42', '2016-06-01', '15:30:18', 'Roanne', 'Clermont Ferrand', 168244, 168444, 5, 1),
(875, 'visite alternant', '2016-06-03', '09:12:20', '2016-06-04', '08:21:56', 'Roanne', 'Bordeaux', 160736, 161736, 3, 2),
(876, 'visite alternant', '2016-06-04', '09:38:48', '2016-06-04', '11:24:24', 'Roanne', 'Le Coteau', NULL, NULL, 5, 3),
(877, 'visite alternant', '2016-06-04', '11:14:13', '2016-06-05', '10:23:49', 'Roanne', 'Bordeaux', 168444, 169444, 3, 1),
(878, 'visite alternant', '2016-06-07', '09:07:45', '2016-06-07', '10:17:21', 'Roanne', 'Roanne', NULL, NULL, 3, 3),
(879, 'visite alternant', '2016-06-07', '11:18:10', '2016-06-08', '07:27:46', 'Roanne', 'Marseille', 161736, 162536, 6, 2),
(880, 'visite stagiaire', '2016-06-10', '08:25:04', '2016-06-10', '16:52:40', 'Roanne', 'Limoges', 169444, 169944, 3, 1),
(881, 'visite stagiaire', '2016-06-14', '09:19:02', '2016-06-14', '20:46:38', 'Roanne', 'Poitiers', 162536, 163236, 7, 2),
(882, 'visite stagiaire', '2016-06-14', '11:08:49', '2016-06-14', '12:42:25', 'Roanne', 'Riorges', NULL, NULL, 1, 3),
(883, 'visite alternant', '2016-06-16', '09:47:11', '2016-06-16', '18:14:47', 'Roanne', 'Limoges', 169944, 170444, 3, 1),
(884, 'visite alternant', '2016-06-18', '10:23:55', '2016-06-18', '12:21:31', 'Roanne', 'Mably', NULL, NULL, 1, 3),
(885, 'visite alternant', '2016-06-21', '10:33:52', '2016-06-21', '12:07:28', 'Roanne', 'Riorges', NULL, NULL, 4, 3),
(886, 'visite stagiaire', '2016-06-22', '08:09:18', '2016-06-22', '12:06:54', 'Roanne', 'St-Etienne', 170444, 170644, 5, 1),
(887, 'visite stagiaire', '2016-06-22', '10:56:59', '2016-06-22', '11:59:59', 'Roanne', 'Riorges', 163236, 163242, 3, 2),
(888, 'visite alternant', '2016-06-24', '09:53:17', '2016-06-24', '10:58:05', 'Roanne', 'Le Coteau', 163242, 163250, 6, 2),
(889, 'visite alternant', '2016-06-26', '09:23:12', '2016-06-26', '10:29:48', 'Roanne', 'Mably', 163250, 163260, 3, 2),
(890, 'visite alternant', '2016-06-26', '10:59:06', '2016-06-27', '13:08:42', 'Roanne', 'Nantes', 170644, 171844, 1, 1),
(891, 'visite stagiaire', '2016-06-28', '09:14:03', '2016-06-28', '10:59:39', 'Roanne', 'Le Coteau', NULL, NULL, 1, 3),
(892, 'visite stagiaire', '2016-07-03', '11:30:27', '2016-07-03', '15:28:03', 'Roanne', 'Lyon', 163260, 163460, 6, 2),
(893, 'visite alternant', '2016-07-04', '09:42:04', '2016-07-05', '08:51:40', 'Roanne', 'Bordeaux', 171844, 172844, 6, 1),
(894, 'visite stagiaire', '2016-07-05', '10:15:51', '2016-07-05', '11:25:27', 'Roanne', 'Roanne', NULL, NULL, 5, 3),
(895, 'visite alternant', '2016-07-09', '09:37:20', '2016-07-09', '13:34:56', 'Roanne', 'Clermont Ferrand', 172844, 173044, 7, 1),
(896, 'visite alternant', '2016-07-10', '10:59:10', '2016-07-10', '14:56:46', 'Roanne', 'Lyon', 163460, 163660, 5, 2),
(897, 'visite alternant', '2016-07-11', '08:59:30', '2016-07-11', '10:09:06', 'Roanne', 'Roanne', NULL, NULL, 5, 3),
(898, 'visite alternant', '2016-07-11', '10:16:51', '2016-07-11', '14:14:27', 'Roanne', 'Lyon', 173044, 173244, 2, 1),
(899, 'visite stagiaire', '2016-07-15', '09:14:23', '2016-07-15', '10:23:59', 'Roanne', 'Roanne', NULL, NULL, 7, 3),
(900, 'visite alternant', '2016-07-15', '10:23:28', '2016-07-15', '17:21:04', 'Roanne', 'Bourg En Bresse', 173244, 173644, 5, 1),
(901, 'visite stagiaire', '2016-07-17', '11:25:44', '2016-07-17', '15:23:20', 'Roanne', 'Clermont Ferrand', 163660, 163860, 1, 2),
(902, 'visite alternant', '2016-07-20', '08:37:36', '2016-07-20', '10:35:12', 'Roanne', 'Mably', NULL, NULL, 3, 3),
(903, 'visite stagiaire', '2016-07-20', '11:15:38', '2016-07-20', '19:43:14', 'Roanne', 'Limoges', 173644, 174144, 5, 1),
(904, 'visite stagiaire', '2016-07-23', '09:52:49', '2016-07-23', '18:20:25', 'Roanne', 'Limoges', 174144, 174644, 6, 1),
(905, 'visite alternant', '2016-07-23', '10:02:01', '2016-07-23', '11:35:37', 'Roanne', 'Riorges', NULL, NULL, 3, 3),
(906, 'visite stagiaire', '2016-07-24', '10:22:10', '2016-07-24', '18:49:46', 'Roanne', 'Limoges', 163860, 164360, 6, 2),
(907, 'visite stagiaire', '2016-07-26', '08:35:02', '2016-07-27', '16:44:38', 'Roanne', 'Lille', 164360, 165960, 3, 2),
(908, 'visite alternant', '2016-07-26', '09:01:26', '2016-07-26', '10:11:02', 'Roanne', 'Roanne', NULL, NULL, 4, 3),
(909, 'visite alternant', '2016-07-27', '10:24:37', '2016-07-27', '14:22:13', 'Roanne', 'St-Etienne', 174644, 174844, 3, 1),
(910, 'visite alternant', '2016-07-28', '09:45:50', '2016-07-29', '17:55:26', 'Roanne', 'Lille', 174844, 176444, 5, 1),
(911, 'visite alternant', '2016-07-31', '08:26:46', '2016-08-01', '04:36:22', 'Roanne', 'Marseille', 176444, 177244, 5, 1),
(912, 'visite alternant', '2016-08-01', '08:26:58', '2016-08-02', '10:36:34', 'Roanne', 'Nantes', 165960, 167160, 4, 2),
(913, 'visite stagiaire', '2016-08-03', '10:10:05', '2016-08-04', '06:19:41', 'Roanne', 'Marseille', 167160, 167960, 4, 2),
(914, 'visite alternant', '2016-08-03', '10:11:07', '2016-08-03', '12:08:43', 'Roanne', 'Mably', NULL, NULL, 4, 3),
(915, 'visite alternant', '2016-08-06', '10:24:41', '2016-08-06', '12:22:17', 'Roanne', 'Mably', NULL, NULL, 6, 3),
(916, 'visite stagiaire', '2016-08-06', '11:39:24', '2016-08-06', '12:46:00', 'Roanne', 'Mably', 177244, 177254, 2, 1),
(917, 'visite alternant', '2016-08-09', '09:40:50', '2016-08-09', '10:40:14', 'Roanne', 'Roanne', 167960, 167962, 3, 2),
(918, 'visite alternant', '2016-08-10', '09:39:11', '2016-08-10', '11:12:47', 'Roanne', 'Riorges', NULL, NULL, 3, 3),
(919, 'visite stagiaire', '2016-08-12', '08:01:10', '2016-08-12', '09:10:46', 'Roanne', 'Roanne', NULL, NULL, 6, 3),
(920, 'visite stagiaire', '2016-08-12', '10:05:07', '2016-08-12', '11:08:07', 'Roanne', 'Riorges', 177254, 177260, 4, 1),
(921, 'visite alternant', '2016-08-14', '10:25:30', '2016-08-14', '12:23:06', 'Roanne', 'Mably', NULL, NULL, 3, 3),
(922, 'visite stagiaire', '2016-08-15', '10:47:33', '2016-08-15', '11:52:21', 'Roanne', 'Le Coteau', 167962, 167970, 4, 2),
(923, 'visite stagiaire', '2016-08-17', '10:09:28', '2016-08-17', '12:19:04', 'Roanne', 'Riorges', NULL, NULL, 1, NULL),
(924, 'visite stagiaire', '2016-08-20', '09:13:22', '2016-08-20', '10:22:58', 'Roanne', 'Roanne', NULL, NULL, 5, 3),
(925, 'visite alternant', '2016-08-22', '11:13:01', '2016-08-23', '10:22:37', 'Roanne', 'Bordeaux', 177260, 178260, 1, 1),
(926, 'visite stagiaire', '2016-08-22', '11:46:06', '2016-08-22', '20:13:42', 'Roanne', 'Limoges', 167970, 168470, 7, 2),
(927, 'visite alternant', '2016-08-23', '08:54:33', '2016-08-23', '10:04:09', 'Roanne', 'Roanne', NULL, NULL, 4, 3),
(928, 'visite alternant', '2016-08-24', '09:19:02', '2016-08-25', '05:28:38', 'Roanne', 'Paris', 168470, 169270, 7, 2),
(929, 'visite stagiaire', '2016-08-27', '11:13:17', '2016-08-27', '12:46:53', 'Roanne', 'Riorges', NULL, NULL, 7, 3),
(930, 'visite alternant', '2016-08-29', '08:56:39', '2016-08-30', '11:06:15', 'Roanne', 'Nantes', 169270, 170470, 3, 2),
(931, 'visite stagiaire', '2016-08-30', '08:56:51', '2016-08-30', '20:24:27', 'Roanne', 'Poitiers', 178266, 178966, 5, 1),
(932, 'visite stagiaire', '2016-08-31', '10:11:31', '2016-09-01', '06:21:07', 'Roanne', 'Paris', 178966, 179766, 1, 1),
(933, 'visite stagiaire', '2016-09-01', '10:00:20', '2016-09-01', '11:45:56', 'Roanne', 'Le Coteau', NULL, NULL, 3, 3),
(934, 'visite stagiaire', '2016-09-04', '09:13:01', '2016-09-04', '13:10:37', 'Roanne', 'Lyon', 179766, 179966, 1, 1),
(935, 'visite alternant', '2016-09-05', '09:11:09', '2016-09-05', '10:10:33', 'Roanne', 'Roanne', 170470, 170472, 4, 2),
(936, 'visite alternant', '2016-09-07', '10:24:43', '2016-09-07', '11:34:19', 'Roanne', 'Roanne', NULL, NULL, 6, 3),
(937, 'visite alternant', '2016-09-07', '10:55:28', '2016-09-08', '07:05:04', 'Roanne', 'Strasbourg', 179966, 180766, 2, 1),
(938, 'visite alternant', '2016-09-11', '10:21:29', '2016-09-11', '12:07:05', 'Roanne', 'Le Coteau', NULL, NULL, 6, 3),
(939, 'visite stagiaire', '2016-09-12', '10:10:23', '2016-09-13', '18:19:59', 'Roanne', 'Lille', 170472, 172072, 1, 2),
(940, 'visite stagiaire', '2016-09-14', '10:00:15', '2016-09-14', '10:59:39', 'Roanne', 'Roanne', 180766, 180768, 1, 1),
(941, 'visite alternant', '2016-09-15', '08:04:14', '2016-09-15', '09:37:50', 'Roanne', 'Riorges', NULL, NULL, 5, 3),
(942, 'visite stagiaire', '2016-09-17', '09:29:51', '2016-09-18', '05:39:27', 'Roanne', 'Strasbourg', 180768, 181568, 4, 1),
(943, 'visite stagiaire', '2016-09-18', '08:03:22', '2016-09-18', '09:08:10', 'Roanne', 'Le Coteau', 172072, 172080, 4, 2),
(944, 'visite alternant', '2016-09-23', '09:35:08', '2016-09-23', '10:44:44', 'Roanne', 'Roanne', NULL, NULL, 6, 3),
(945, 'visite stagiaire', '2016-09-24', '08:57:51', '2016-09-25', '11:07:27', 'Roanne', 'Nantes', 181568, 182768, 6, 1),
(946, 'visite stagiaire', '2016-09-24', '09:14:48', '2016-09-25', '11:24:24', 'Roanne', 'Nantes', 172080, 173280, 4, 2),
(947, 'visite stagiaire', '2016-09-27', '08:40:25', '2016-09-28', '04:50:01', 'Roanne', 'Strasbourg', 173280, 174080, 1, 2),
(948, 'visite stagiaire', '2016-09-27', '10:17:53', '2016-09-28', '12:27:29', 'Roanne', 'Nantes', 182768, 183968, 4, 1),
(949, 'visite alternant', '2016-09-29', '10:12:19', '2016-09-29', '11:57:55', 'Roanne', 'Le Coteau', NULL, NULL, 7, 3),
(950, 'visite stagiaire', '2016-10-03', '09:33:24', '2016-10-03', '10:43:00', 'Roanne', 'Roanne', NULL, NULL, 4, 3),
(951, 'visite alternant', '2016-10-03', '11:10:51', '2016-10-04', '07:20:27', 'Roanne', 'Marseille', 183968, 184768, 1, 1),
(952, 'visite stagiaire', '2016-10-03', '11:19:46', '2016-10-03', '15:17:22', 'Roanne', 'St-Etienne', 174080, 174280, 6, 2),
(953, 'visite alternant', '2016-10-05', '08:20:22', '2016-10-05', '09:29:58', 'Roanne', 'Roanne', NULL, NULL, 6, 3),
(954, 'visite stagiaire', '2016-10-06', '08:19:51', '2016-10-06', '12:17:27', 'Roanne', 'Clermont Ferrand', 184768, 184968, 4, 1),
(955, 'visite alternant', '2016-10-07', '09:47:24', '2016-10-07', '13:45:00', 'Roanne', 'Clermont Ferrand', 174280, 174480, 3, 2),
(956, 'visite stagiaire', '2016-10-07', '11:28:02', '2016-10-07', '13:01:38', 'Roanne', 'Riorges', NULL, NULL, 6, 3),
(957, 'visite alternant', '2016-10-10', '08:02:40', '2016-10-10', '09:12:16', 'Roanne', 'Roanne', NULL, NULL, 3, 3),
(958, 'visite alternant', '2016-10-10', '11:49:12', '2016-10-11', '07:58:48', 'Roanne', 'Strasbourg', 174480, 175280, 7, 2),
(959, 'visite stagiaire', '2016-10-11', '11:27:37', '2016-10-12', '19:37:13', 'Roanne', 'Lille', 184968, 186568, 7, 1),
(960, 'visite alternant', '2016-10-15', '08:28:33', '2016-10-15', '10:14:09', 'Roanne', 'Le Coteau', NULL, NULL, 1, 3),
(961, 'visite alternant', '2016-10-17', '08:39:50', '2016-10-17', '17:07:26', 'Roanne', 'Limoges', 175280, 175780, 1, 2),
(962, 'visite stagiaire', '2016-10-18', '11:15:46', '2016-10-19', '07:25:22', 'Roanne', 'Marseille', 186568, 187368, 4, 1),
(963, 'visite stagiaire', '2016-10-19', '11:51:15', '2016-10-19', '15:48:51', 'Roanne', 'Lyon', 175780, 175980, 2, 2),
(964, 'visite stagiaire', '2016-10-20', '09:31:24', '2016-10-20', '11:29:00', 'Roanne', 'Mably', NULL, NULL, 1, 3),
(965, 'visite alternant', '2016-10-22', '08:31:58', '2016-10-22', '10:29:34', 'Roanne', 'Mably', NULL, NULL, 2, 3),
(966, 'visite stagiaire', '2016-10-24', '11:27:21', '2016-10-24', '15:24:57', 'Roanne', 'Clermont Ferrand', 187368, 187568, 4, 1),
(967, 'visite alternant', '2016-10-26', '08:06:09', '2016-10-27', '16:15:45', 'Roanne', 'Lille', 187568, 189168, 6, 1),
(968, 'visite alternant', '2016-10-26', '08:30:12', '2016-10-26', '10:27:48', 'Roanne', 'Mably', NULL, NULL, 4, 3),
(969, 'visite stagiaire', '2016-10-27', '10:31:07', '2016-10-27', '14:28:43', 'Roanne', 'Lyon', 175980, 176180, 6, 2),
(970, 'visite stagiaire', '2016-10-29', '11:04:11', '2016-10-30', '07:13:47', 'Roanne', 'Marseille', 176180, 176980, 4, 2),
(971, 'visite stagiaire', '2016-10-29', '11:25:27', '2016-10-29', '13:23:03', 'Roanne', 'Mably', NULL, NULL, 5, 3),
(972, 'visite stagiaire', '2016-10-31', '08:36:10', '2016-10-31', '20:03:46', 'Roanne', 'Poitiers', 189168, 189868, 2, 1),
(973, 'visite alternant', '2016-11-02', '08:23:04', '2016-11-02', '09:32:40', 'Roanne', 'Roanne', NULL, NULL, 4, 3),
(974, 'visite alternant', '2016-11-02', '11:03:59', '2016-11-02', '15:01:35', 'Roanne', 'Lyon', 189868, 190068, 5, 1),
(975, 'visite alternant', '2016-11-06', '08:00:42', '2016-11-07', '04:10:18', 'Roanne', 'Marseille', 176980, 177780, 3, 2),
(976, 'visite alternant', '2016-11-06', '08:27:09', '2016-11-06', '10:00:45', 'Roanne', 'Riorges', NULL, NULL, 5, 3),
(977, 'visite alternant', '2016-11-07', '11:53:58', '2016-11-08', '08:03:34', 'Roanne', 'Marseille', 190068, 190868, 7, 1),
(978, 'visite alternant', '2016-11-08', '09:51:00', '2016-11-08', '11:24:36', 'Roanne', 'Riorges', NULL, NULL, 6, 3),
(979, 'visite stagiaire', '2016-11-09', '09:07:03', '2016-11-10', '08:16:39', 'Roanne', 'Montpellier', 190868, 191868, 1, 1),
(980, 'visite alternant', '2016-11-09', '09:37:18', '2016-11-09', '10:36:42', 'Roanne', 'Roanne', 177780, 177782, 2, 2),
(981, 'visite alternant', '2016-11-11', '10:39:27', '2016-11-11', '14:37:03', 'Roanne', 'St-Etienne', 191868, 192068, 7, 1),
(982, 'visite alternant', '2016-11-12', '10:41:01', '2016-11-12', '12:26:37', 'Roanne', 'Le Coteau', NULL, NULL, 4, 3),
(983, 'visite alternant', '2016-11-13', '11:42:55', '2016-11-14', '07:52:31', 'Roanne', 'Strasbourg', 177782, 178582, 5, 2),
(984, 'visite alternant', '2016-11-15', '10:02:37', '2016-11-15', '21:30:13', 'Roanne', 'Poitiers', 192068, 192768, 6, 1),
(985, 'visite stagiaire', '2016-11-16', '11:57:54', '2016-11-16', '13:07:30', 'Roanne', 'Roanne', NULL, NULL, 6, 3),
(986, 'visite alternant', '2016-11-19', '09:29:28', '2016-11-19', '10:34:16', 'Roanne', 'Le Coteau', 178582, 178590, 5, 2),
(987, 'visite alternant', '2016-11-21', '11:29:50', '2016-11-22', '07:39:26', 'Roanne', 'Strasbourg', 192768, 193568, 4, 1),
(988, 'visite stagiaire', '2016-11-23', '08:07:42', '2016-11-23', '09:41:18', 'Roanne', 'Riorges', NULL, NULL, 3, 3),
(989, 'visite stagiaire', '2016-11-23', '10:27:58', '2016-11-24', '12:37:34', 'Roanne', 'Nantes', 178590, 179790, 6, 2),
(990, 'visite stagiaire', '2016-11-27', '09:33:07', '2016-11-28', '11:42:43', 'Roanne', 'Nantes', 193568, 194768, 2, 1),
(991, 'visite stagiaire', '2016-11-28', '10:53:08', '2016-11-28', '12:50:44', 'Roanne', 'Mably', NULL, NULL, 6, 3),
(992, 'visite alternant', '2016-12-01', '08:46:41', '2016-12-01', '10:44:17', 'Roanne', 'Mably', NULL, NULL, 3, 3),
(993, 'visite stagiaire', '2016-12-01', '10:02:12', '2016-12-02', '06:11:48', 'Roanne', 'Marseille', 179790, 180590, 3, 2),
(994, 'visite stagiaire', '2016-12-03', '08:00:47', '2016-12-04', '07:10:23', 'Roanne', 'Montpellier', 194768, 195768, 1, 1),
(995, 'visite alternant', '2016-12-05', '08:52:01', '2016-12-05', '10:25:37', 'Roanne', 'Riorges', NULL, NULL, 6, 3),
(996, 'visite stagiaire', '2016-12-07', '08:38:34', '2016-12-07', '09:48:10', 'Roanne', 'Roanne', NULL, NULL, 1, 3),
(997, 'visite stagiaire', '2016-12-09', '10:35:00', '2016-12-10', '12:44:36', 'Roanne', 'Nantes', 180590, 181790, 7, 2),
(998, 'visite alternant', '2016-12-11', '11:40:24', '2016-12-12', '07:50:00', 'Roanne', 'Marseille', 195768, 196568, 4, 1),
(999, 'visite alternant', '2016-12-13', '08:00:47', '2016-12-13', '09:46:23', 'Roanne', 'Le Coteau', NULL, NULL, 6, 3),
(1000, 'visite alternant', '2016-12-15', '08:35:34', '2016-12-16', '16:45:10', 'Roanne', 'Lille', 181790, 183390, 1, 2),
(1001, 'visite alternant', '2016-12-16', '08:15:03', '2016-12-16', '12:12:39', 'Roanne', 'Clermont Ferrand', 196568, 196768, 5, 1),
(1002, 'visite alternant', '2016-12-18', '11:59:00', '2016-12-18', '13:32:36', 'Roanne', 'Riorges', NULL, NULL, 7, 3),
(1003, 'visite stagiaire', '2016-12-19', '11:58:48', '2016-12-20', '11:08:24', 'Roanne', 'Bordeaux', 183390, 184390, 2, 2),
(1004, 'visite alternant', '2016-12-20', '09:36:00', '2016-12-20', '21:03:36', 'Roanne', 'Poitiers', 196768, 197468, 6, 1),
(1005, 'visite stagiaire', '2016-12-24', '09:24:23', '2016-12-25', '05:33:59', 'Roanne', 'Marseille', 184390, 185190, 2, 2),
(1006, 'visite stagiaire', '2016-12-25', '10:19:20', '2016-12-26', '06:28:56', 'Roanne', 'Strasbourg', 197468, 198268, 5, 1),
(1007, 'visite stagiaire', '2016-12-25', '11:34:29', '2016-12-25', '13:20:05', 'Roanne', 'Le Coteau', NULL, NULL, 5, 3),
(1008, 'visite alternant', '2016-12-28', '10:45:09', '2016-12-29', '09:54:45', 'Roanne', 'Montpellier', 198268, 199268, 2, 1),
(1009, 'visite alternant', '2016-12-29', '09:23:53', '2016-12-29', '10:33:29', 'Roanne', 'Roanne', NULL, NULL, 6, 3),
(1010, 'visite alternant', '2017-01-01', '09:22:35', '2017-01-01', '20:50:11', 'Roanne', 'Poitiers', 185190, 185890, 6, 2),
(1011, 'visite stagiaire', '2017-01-05', '08:04:54', '2017-01-05', '09:11:30', 'Roanne', 'Mably', 199268, 199278, 4, 1),
(1012, 'visite alternant', '2017-01-05', '10:04:30', '2017-01-05', '11:14:06', 'Roanne', 'Roanne', NULL, NULL, 7, 3),
(1013, 'visite alternant', '2017-01-06', '09:02:41', '2017-01-07', '05:12:17', 'Roanne', 'Marseille', 185890, 186690, 1, 2),
(1014, 'visite alternant', '2017-01-08', '10:43:35', '2017-01-09', '12:53:11', 'Roanne', 'Nantes', 199278, 200478, 4, 1),
(1015, 'visite stagiaire', '2017-01-10', '11:10:28', '2017-01-10', '12:20:04', 'Roanne', 'Roanne', NULL, NULL, 5, 3),
(1016, 'visite alternant', '2017-01-13', '11:52:58', '2017-01-13', '13:02:34', 'Roanne', 'Roanne', NULL, NULL, 1, 3),
(1017, 'visite stagiaire', '2017-01-14', '10:07:36', '2017-01-14', '14:05:12', 'Roanne', 'Clermont Ferrand', 186690, 186890, 1, 2),
(1018, 'visite alternant', '2017-01-14', '11:23:58', '2017-01-14', '12:33:34', 'Roanne', 'Roanne', NULL, NULL, 6, 3),
(1019, 'visite stagiaire', '2017-01-15', '09:19:54', '2017-01-15', '10:22:54', 'Roanne', 'Riorges', 200478, 200484, 1, 1),
(1020, 'visite alternant', '2017-01-18', '10:34:45', '2017-01-18', '22:02:21', 'Roanne', 'Poitiers', 200484, 201184, 4, 1),
(1021, 'visite alternant', '2017-01-18', '10:36:19', '2017-01-18', '11:45:55', 'Roanne', 'Roanne', NULL, NULL, 2, 3),
(1022, 'visite alternant', '2017-01-20', '10:20:42', '2017-01-20', '18:48:18', 'Roanne', 'Limoges', 186890, 187390, 5, 2),
(1023, 'visite stagiaire', '2017-01-20', '11:46:01', '2017-01-21', '19:55:37', 'Roanne', 'Lille', 201184, 202784, 4, 1),
(1024, 'visite alternant', '2017-01-23', '09:50:39', '2017-01-24', '18:00:15', 'Roanne', 'Lille', 202784, 204384, 3, 1),
(1025, 'visite stagiaire', '2017-01-25', '10:08:58', '2017-01-25', '11:13:46', 'Roanne', 'Le Coteau', 187390, 187398, 4, 2),
(1026, 'visite stagiaire', '2017-01-25', '10:26:49', '2017-01-25', '12:24:25', 'Roanne', 'Mably', NULL, NULL, 4, 3),
(1027, 'visite stagiaire', '2017-01-26', '09:34:07', '2017-01-26', '11:19:43', 'Roanne', 'Le Coteau', NULL, NULL, 3, 3),
(1028, 'visite alternant', '2017-01-28', '11:05:54', '2017-01-29', '10:15:30', 'Roanne', 'Bordeaux', 204384, 205384, 1, 1),
(1029, 'visite stagiaire', '2017-01-30', '09:31:05', '2017-01-30', '11:16:41', 'Roanne', 'Le Coteau', NULL, NULL, 1, 3),
(1030, 'visite stagiaire', '2017-01-31', '09:55:58', '2017-01-31', '13:53:34', 'Roanne', 'Clermont Ferrand', 205384, 205584, 5, 1),
(1031, 'visite stagiaire', '2017-01-31', '10:46:57', '2017-01-31', '14:44:33', 'Roanne', 'Clermont Ferrand', 187398, 187598, 3, 2),
(1032, 'visite alternant', '2017-02-03', '08:15:07', '2017-02-03', '10:12:43', 'Roanne', 'Mably', NULL, NULL, 4, 3),
(1033, 'visite alternant', '2017-02-06', '09:22:40', '2017-02-07', '08:32:16', 'Roanne', 'Bordeaux', 187598, 188598, 1, 2),
(1034, 'visite alternant', '2017-02-06', '10:01:41', '2017-02-07', '06:11:17', 'Roanne', 'Marseille', 205584, 206384, 4, 1),
(1035, 'visite stagiaire', '2017-02-07', '09:25:09', '2017-02-07', '10:34:45', 'Roanne', 'Roanne', NULL, NULL, 4, 3),
(1036, 'visite stagiaire', '2017-02-08', '11:00:25', '2017-02-08', '12:05:13', 'Roanne', 'Le Coteau', 206384, 206392, 6, 1),
(1037, 'visite stagiaire', '2017-02-11', '11:20:11', '2017-02-12', '13:29:47', 'Roanne', 'Nantes', 206392, 207592, 3, 1),
(1038, 'visite stagiaire', '2017-02-12', '08:11:18', '2017-02-13', '04:20:54', 'Roanne', 'Paris', 188598, 189398, 3, 2),
(1039, 'visite alternant', '2017-02-14', '10:45:31', '2017-02-14', '11:55:07', 'Roanne', 'Roanne', NULL, NULL, 2, 3),
(1040, 'visite stagiaire', '2017-02-16', '08:14:42', '2017-02-16', '10:00:18', 'Roanne', 'Le Coteau', NULL, NULL, 4, 3),
(1041, 'visite stagiaire', '2017-02-16', '11:01:19', '2017-02-16', '14:58:55', 'Roanne', 'Clermont Ferrand', 189398, 189598, 7, 2),
(1042, 'visite alternant', '2017-02-17', '10:22:04', '2017-02-17', '18:49:40', 'Roanne', 'Limoges', 207592, 208092, 6, 1),
(1043, 'visite stagiaire', '2017-02-19', '11:59:05', '2017-02-19', '12:58:29', 'Roanne', 'Roanne', 189598, 189600, 2, 2),
(1044, 'visite stagiaire', '2017-02-20', '09:10:06', '2017-02-20', '10:19:42', 'Roanne', 'Roanne', NULL, NULL, 2, 3),
(1045, 'visite alternant', '2017-02-21', '10:31:42', '2017-02-21', '12:17:18', 'Roanne', 'Le Coteau', NULL, NULL, 4, 3),
(1046, 'visite stagiaire', '2017-02-21', '11:06:29', '2017-02-22', '13:16:05', 'Roanne', 'Nantes', 189600, 190800, 4, 2),
(1047, 'visite alternant', '2017-02-22', '11:49:59', '2017-02-23', '07:59:35', 'Roanne', 'Marseille', 208092, 208892, 1, 1),
(1048, 'visite alternant', '2017-02-23', '09:53:44', '2017-02-24', '12:03:20', 'Roanne', 'Nantes', 190800, 192000, 7, 2),
(1049, 'visite alternant', '2017-02-24', '08:40:16', '2017-02-24', '09:39:40', 'Roanne', 'Roanne', 208892, 208894, 6, 1),
(1050, 'visite alternant', '2017-02-26', '10:55:33', '2017-02-26', '14:53:09', 'Roanne', 'Lyon', 208894, 209094, 3, 1),
(1051, 'visite alternant', '2017-02-27', '09:28:01', '2017-02-27', '11:01:37', 'Roanne', 'Riorges', NULL, NULL, 5, 3),
(1052, 'visite alternant', '2017-02-28', '08:12:02', '2017-02-28', '09:45:38', 'Roanne', 'Riorges', NULL, NULL, 5, 3),
(1053, 'visite stagiaire', '2017-02-28', '08:21:09', '2017-02-28', '19:48:45', 'Roanne', 'Poitiers', 209094, 209794, 4, 1),
(1054, 'visite stagiaire', '2017-02-28', '09:17:25', '2017-03-01', '05:27:01', 'Roanne', 'Marseille', 192000, 192800, 3, 2),
(1055, 'visite stagiaire', '2017-03-02', '11:11:34', '2017-03-02', '12:57:10', 'Roanne', 'Le Coteau', NULL, NULL, 1, 3),
(1056, 'visite alternant', '2017-03-06', '11:30:24', '2017-03-06', '12:35:12', 'Roanne', 'Le Coteau', 209794, 209802, 5, 1),
(1057, 'visite stagiaire', '2017-03-07', '11:26:55', '2017-03-08', '07:36:31', 'Roanne', 'Marseille', 192800, 193600, 1, 2),
(1058, 'visite alternant', '2017-03-07', '11:30:41', '2017-03-07', '13:28:17', 'Roanne', 'Mably', NULL, NULL, 2, 3),
(1059, 'visite stagiaire', '2017-03-12', '10:12:35', '2017-03-13', '12:22:11', 'Roanne', 'Nantes', 193600, 194800, 7, 2),
(1060, 'visite stagiaire', '2017-03-13', '11:26:25', '2017-03-13', '12:33:01', 'Roanne', 'Mably', 209802, 209812, 3, 1),
(1061, 'visite stagiaire', '2017-03-14', '09:07:31', '2017-03-14', '10:53:07', 'Roanne', 'Le Coteau', NULL, NULL, 2, 3),
(1062, 'visite alternant', '2017-03-15', '09:35:08', '2017-03-16', '08:44:44', 'Roanne', 'Bordeaux', 194800, 195800, 6, 2),
(1063, 'visite alternant', '2017-03-18', '10:48:56', '2017-03-18', '11:48:20', 'Roanne', 'Roanne', 195800, 195802, 3, 2),
(1064, 'visite alternant', '2017-03-19', '09:13:57', '2017-03-19', '10:20:33', 'Roanne', 'Mably', 209812, 209822, 7, 1),
(1065, 'visite alternant', '2017-03-20', '09:36:49', '2017-03-21', '05:46:25', 'Roanne', 'Strasbourg', 209822, 210622, 6, 1),
(1066, 'visite alternant', '2017-03-21', '11:14:47', '2017-03-21', '12:48:23', 'Roanne', 'Riorges', NULL, NULL, 2, 3),
(1067, 'visite alternant', '2017-03-24', '11:01:50', '2017-03-24', '14:59:26', 'Roanne', 'Lyon', 210622, 210822, 3, 1),
(1068, 'visite alternant', '2017-03-25', '11:22:25', '2017-03-25', '15:20:01', 'Roanne', 'St-Etienne', 195802, 196002, 3, 2),
(1069, 'visite alternant', '2017-03-27', '08:21:04', '2017-03-27', '09:27:40', 'Roanne', 'Mably', 196002, 196012, 1, 2),
(1070, 'visite alternant', '2017-03-29', '10:01:30', '2017-03-29', '11:59:06', 'Roanne', 'Mably', NULL, NULL, 2, 3),
(1071, 'visite alternant', '2017-03-30', '10:03:42', '2017-03-31', '18:13:18', 'Roanne', 'Lille', 196012, 197612, 7, 2),
(1072, 'visite stagiaire', '2017-03-31', '09:30:04', '2017-03-31', '20:57:40', 'Roanne', 'Poitiers', 210822, 211522, 5, 1),
(1073, 'visite stagiaire', '2017-04-04', '11:39:47', '2017-04-04', '12:49:23', 'Roanne', 'Roanne', NULL, NULL, 2, 3),
(1074, 'visite alternant', '2017-04-06', '08:01:39', '2017-04-06', '11:59:15', 'Roanne', 'St-Etienne', 197612, 197812, 3, 2),
(1075, 'visite alternant', '2017-04-06', '10:30:55', '2017-04-07', '06:40:31', 'Roanne', 'Paris', 211522, 212322, 3, 1),
(1076, 'visite stagiaire', '2017-04-08', '11:21:05', '2017-04-09', '19:30:41', 'Roanne', 'Lille', 197812, 199412, 7, 2),
(1077, 'visite alternant', '2017-04-11', '08:24:54', '2017-04-11', '12:22:30', 'Roanne', 'Clermont Ferrand', 212322, 212522, 4, 1),
(1078, 'visite stagiaire', '2017-04-11', '09:45:23', '2017-04-11', '11:18:59', 'Roanne', 'Riorges', NULL, NULL, 7, 3),
(1079, 'visite alternant', '2017-04-12', '11:33:58', '2017-04-12', '23:01:34', 'Roanne', 'Poitiers', 199412, 200112, 6, 2),
(1080, 'visite alternant', '2017-04-14', '08:09:53', '2017-04-14', '12:07:29', 'Roanne', 'Lyon', 200112, 200312, 1, 2),
(1081, 'visite alternant', '2017-04-15', '10:48:30', '2017-04-15', '12:34:06', 'Roanne', 'Le Coteau', NULL, NULL, 5, 3),
(1082, 'visite stagiaire', '2017-04-16', '11:12:47', '2017-04-16', '12:17:35', 'Roanne', 'Le Coteau', 212522, 212530, 4, 1),
(1083, 'visite stagiaire', '2017-04-17', '11:52:05', '2017-04-17', '13:37:41', 'Roanne', 'Le Coteau', NULL, NULL, 2, 3),
(1084, 'visite alternant', '2017-04-22', '09:45:31', '2017-04-23', '11:55:07', 'Roanne', 'Nantes', 200312, 201512, 3, 2),
(1085, 'visite alternant', '2017-04-23', '10:04:33', '2017-04-23', '17:02:09', 'Roanne', 'Bourg En Bresse', 212530, 212930, 4, 1),
(1086, 'visite alternant', '2017-04-25', '09:04:43', '2017-04-25', '10:14:19', 'Roanne', 'Roanne', NULL, NULL, 3, 3),
(1087, 'visite stagiaire', '2017-04-26', '08:12:25', '2017-04-26', '09:58:01', 'Roanne', 'Le Coteau', NULL, NULL, 1, 3),
(1088, 'visite stagiaire', '2017-04-26', '08:27:46', '2017-04-26', '12:25:22', 'Roanne', 'St-Etienne', 201512, 201712, 3, 2),
(1089, 'visite alternant', '2017-04-27', '11:13:36', '2017-04-28', '19:23:12', 'Roanne', 'Lille', 212930, 214530, 6, 1),
(1090, 'visite stagiaire', '2017-04-28', '11:13:50', '2017-04-28', '12:23:26', 'Roanne', 'Roanne', NULL, NULL, 5, 3),
(1091, 'visite alternant', '2017-05-01', '11:48:13', '2017-05-02', '10:57:49', 'Roanne', 'Montpellier', 201712, 202712, 4, 2),
(1092, 'visite stagiaire', '2017-05-01', '11:59:31', '2017-05-02', '08:09:07', 'Roanne', 'Marseille', 214530, 215330, 6, 1),
(1093, 'visite stagiaire', '2017-05-03', '08:24:58', '2017-05-03', '09:24:22', 'Roanne', 'Roanne', 215330, 215332, 2, 1),
(1094, 'visite stagiaire', '2017-05-03', '10:45:34', '2017-05-03', '12:43:10', 'Roanne', 'Mably', NULL, NULL, 6, 3),
(1095, 'visite alternant', '2017-05-06', '11:22:19', '2017-05-06', '12:28:55', 'Roanne', 'Mably', 202712, 202722, 4, 2),
(1096, 'visite alternant', '2017-05-08', '10:33:22', '2017-05-09', '12:42:58', 'Roanne', 'Nantes', 215332, 216532, 4, 1),
(1097, 'visite stagiaire', '2017-05-09', '09:49:28', '2017-05-09', '10:59:04', 'Roanne', 'Roanne', NULL, NULL, 6, 3),
(1098, 'visite stagiaire', '2017-05-11', '10:05:25', '2017-05-12', '09:15:01', 'Roanne', 'Montpellier', 202722, 203722, 3, 2),
(1099, 'visite stagiaire', '2017-05-13', '08:30:00', '2017-05-13', '09:39:36', 'Roanne', 'Roanne', NULL, NULL, 7, 3),
(1100, 'visite alternant', '2017-05-14', '09:07:54', '2017-05-14', '10:07:18', 'Roanne', 'Roanne', 216532, 216534, 7, 1),
(1101, 'visite stagiaire', '2017-05-14', '11:35:15', '2017-05-15', '07:44:51', 'Roanne', 'Marseille', 203722, 204522, 3, 2),
(1102, 'visite stagiaire', '2017-05-19', '11:19:46', '2017-05-19', '13:05:22', 'Roanne', 'Le Coteau', NULL, NULL, 7, 3),
(1103, 'visite stagiaire', '2017-05-19', '11:27:52', '2017-05-20', '13:37:28', 'Roanne', 'Nantes', 216534, 217734, 4, 1),
(1104, 'visite stagiaire', '2017-05-22', '08:18:01', '2017-05-22', '09:24:37', 'Roanne', 'Mably', 204522, 204532, 5, 2),
(1105, 'visite alternant', '2017-05-24', '08:44:43', '2017-05-25', '07:54:19', 'Roanne', 'Montpellier', 204532, 205532, 7, 2),
(1106, 'visite stagiaire', '2017-05-24', '10:06:17', '2017-05-25', '18:15:53', 'Roanne', 'Lille', 217734, 219334, 6, 1),
(1107, 'visite alternant', '2017-05-25', '11:09:57', '2017-05-25', '12:19:33', 'Roanne', 'Roanne', NULL, NULL, 5, 3),
(1108, 'visite stagiaire', '2017-05-29', '09:47:36', '2017-05-29', '10:57:12', 'Roanne', 'Roanne', NULL, NULL, 4, 3),
(1109, 'visite alternant', '2017-05-29', '09:49:14', '2017-05-30', '17:58:50', 'Roanne', 'Lille', 219334, 220934, 3, 1),
(1110, 'visite alternant', '2017-06-01', '10:55:59', '2017-06-02', '07:05:35', 'Roanne', 'Paris', 205532, 206332, 7, 2),
(1111, 'visite alternant', '2017-06-04', '11:29:39', '2017-06-04', '12:39:15', 'Roanne', 'Roanne', NULL, NULL, 6, 3),
(1112, 'visite alternant', '2017-06-07', '09:11:28', '2017-06-08', '05:21:04', 'Roanne', 'Paris', 220934, 221734, 1, 1),
(1113, 'visite stagiaire', '2017-06-08', '08:05:47', '2017-06-08', '10:03:23', 'Roanne', 'Mably', NULL, NULL, 7, 3),
(1114, 'visite stagiaire', '2017-06-09', '09:55:04', '2017-06-10', '06:04:40', 'Roanne', 'Paris', 206332, 207132, 4, 2),
(1115, 'visite stagiaire', '2017-06-11', '11:41:22', '2017-06-11', '15:38:58', 'Roanne', 'St-Etienne', 207132, 207332, 3, 2),
(1116, 'visite stagiaire', '2017-06-12', '11:14:19', '2017-06-13', '10:23:55', 'Roanne', 'Montpellier', 221734, 222734, 1, 1),
(1117, 'visite alternant', '2017-06-15', '11:19:46', '2017-06-15', '12:19:10', 'Roanne', 'Roanne', 207332, 207334, 6, 2),
(1118, 'visite stagiaire', '2017-06-15', '11:39:27', '2017-06-15', '13:13:03', 'Roanne', 'Riorges', NULL, NULL, 6, 3),
(1119, 'visite stagiaire', '2017-06-18', '09:52:15', '2017-06-19', '09:01:51', 'Roanne', 'Montpellier', 222734, 223734, 7, 1),
(1120, 'visite alternant', '2017-06-20', '08:26:38', '2017-06-20', '09:36:14', 'Roanne', 'Roanne', NULL, NULL, 1, 3),
(1121, 'visite alternant', '2017-06-20', '08:27:04', '2017-06-20', '19:54:40', 'Roanne', 'Poitiers', 223734, 224434, 1, 1),
(1122, 'visite alternant', '2017-06-21', '08:25:55', '2017-06-21', '09:25:19', 'Roanne', 'Roanne', 207334, 207336, 7, 2),
(1123, 'visite stagiaire', '2017-06-23', '10:59:41', '2017-06-23', '12:02:41', 'Roanne', 'Riorges', 224434, 224440, 5, 1),
(1124, 'visite alternant', '2017-06-23', '11:58:07', '2017-06-23', '23:25:43', 'Roanne', 'Poitiers', 207336, 208036, 2, 2),
(1125, 'visite alternant', '2017-06-25', '08:32:58', '2017-06-25', '09:42:34', 'Roanne', 'Roanne', NULL, NULL, 1, 3),
(1126, 'visite alternant', '2017-06-27', '11:57:46', '2017-06-28', '11:07:22', 'Roanne', 'Bordeaux', 224440, 225440, 3, 1),
(1127, 'visite alternant', '2017-06-28', '09:04:48', '2017-06-29', '08:14:24', 'Roanne', 'Montpellier', 208036, 209036, 4, 2),
(1128, 'visite alternant', '2017-06-30', '08:57:02', '2017-06-30', '17:24:38', 'Roanne', 'Limoges', 225440, 225940, 1, 1),
(1129, 'visite stagiaire', '2017-06-30', '11:27:42', '2017-06-30', '13:25:18', 'Roanne', 'Mably', NULL, NULL, 1, 3),
(1130, 'visite stagiaire', '2017-07-01', '08:22:31', '2017-07-02', '07:32:07', 'Roanne', 'Montpellier', 209036, 210036, 7, 2),
(1131, 'visite alternant', '2017-07-02', '09:00:46', '2017-07-02', '12:58:22', 'Roanne', 'St-Etienne', 225940, 226140, 5, 1),
(1132, 'visite alternant', '2017-07-04', '11:22:35', '2017-07-04', '12:56:11', 'Roanne', 'Riorges', NULL, NULL, 1, 3),
(1133, 'visite stagiaire', '2017-07-06', '08:36:06', '2017-07-07', '07:45:42', 'Roanne', 'Montpellier', 226140, 227140, 6, 1),
(1134, 'visite stagiaire', '2017-07-08', '08:45:12', '2017-07-08', '10:42:48', 'Roanne', 'Mably', NULL, NULL, 7, 3),
(1135, 'visite stagiaire', '2017-07-08', '09:02:30', '2017-07-08', '13:00:06', 'Roanne', 'Lyon', 227140, 227340, 1, 1),
(1136, 'visite alternant', '2017-07-09', '11:02:22', '2017-07-09', '17:59:58', 'Roanne', 'Bourg En Bresse', 210036, 210436, 1, 2),
(1137, 'visite alternant', '2017-07-13', '09:44:39', '2017-07-13', '10:49:27', 'Roanne', 'Le Coteau', 227340, 227348, 4, 1),
(1138, 'visite alternant', '2017-07-15', '08:11:34', '2017-07-16', '04:21:10', 'Roanne', 'Paris', 210436, 211236, 5, 2),
(1139, 'visite alternant', '2017-07-15', '11:55:09', '2017-07-15', '13:52:45', 'Roanne', 'Mably', NULL, NULL, 6, 3),
(1140, 'visite alternant', '2017-07-17', '09:48:00', '2017-07-18', '17:57:36', 'Roanne', 'Lille', 227348, 228948, 4, 1),
(1141, 'visite stagiaire', '2017-07-20', '08:47:46', '2017-07-20', '11:21:22', 'Roanne', 'Le Coteau', NULL, NULL, 3, NULL),
(1142, 'visite stagiaire', '2017-07-20', '09:40:14', '2017-07-20', '10:45:02', 'Roanne', 'Le Coteau', 211236, 211244, 1, 2),
(1143, 'visite stagiaire', '2017-07-20', '10:36:23', '2017-07-20', '11:45:59', 'Roanne', 'Roanne', NULL, NULL, 7, 3),
(1144, 'visite alternant', '2017-07-21', '08:20:30', '2017-07-21', '09:30:06', 'Roanne', 'Roanne', NULL, NULL, 7, 3),
(1145, 'visite alternant', '2017-07-25', '08:04:07', '2017-07-25', '10:01:43', 'Roanne', 'Mably', NULL, NULL, 5, 3),
(1146, 'visite stagiaire', '2017-07-25', '10:52:50', '2017-07-25', '14:50:26', 'Roanne', 'Clermont Ferrand', 211244, 211444, 4, 2),
(1147, 'visite stagiaire', '2017-07-27', '08:24:33', '2017-07-27', '09:58:09', 'Roanne', 'Riorges', NULL, NULL, 1, 3),
(1148, 'visite alternant', '2017-07-28', '08:51:38', '2017-07-28', '20:19:14', 'Roanne', 'Poitiers', 228948, 229648, 4, 1),
(1149, 'visite alternant', '2017-07-30', '11:34:18', '2017-07-30', '13:31:54', 'Roanne', 'Mably', NULL, NULL, 2, 3),
(1150, 'visite alternant', '2017-07-31', '11:07:12', '2017-08-01', '07:16:48', 'Roanne', 'Marseille', 211444, 212244, 2, 2),
(1151, 'visite stagiaire', '2017-08-02', '09:33:25', '2017-08-02', '10:36:25', 'Roanne', 'Riorges', 212244, 212250, 6, 2),
(1152, 'visite stagiaire', '2017-08-03', '11:31:17', '2017-08-03', '13:28:53', 'Roanne', 'Mably', NULL, NULL, 6, 3),
(1153, 'visite alternant', '2017-08-04', '11:10:53', '2017-08-04', '12:17:29', 'Roanne', 'Mably', 229656, 229666, 1, 1),
(1154, 'visite alternant', '2017-08-06', '08:51:12', '2017-08-06', '10:24:48', 'Roanne', 'Riorges', NULL, NULL, 4, 3),
(1155, 'visite alternant', '2017-08-07', '10:47:37', '2017-08-07', '11:47:01', 'Roanne', 'Roanne', 212250, 212252, 4, 2),
(1156, 'visite alternant', '2017-08-09', '11:51:35', '2017-08-09', '12:54:35', 'Roanne', 'Riorges', 229666, 229672, 2, 1),
(1157, 'visite alternant', '2017-08-12', '08:40:30', '2017-08-13', '04:50:06', 'Roanne', 'Strasbourg', 229672, 230472, 5, 1),
(1158, 'visite stagiaire', '2017-08-12', '09:17:46', '2017-08-12', '11:15:22', 'Roanne', 'Mably', NULL, NULL, 5, 3),
(1159, 'visite stagiaire', '2017-08-12', '10:28:51', '2017-08-13', '09:38:27', 'Roanne', 'Bordeaux', 212252, 213252, 5, 2),
(1160, 'visite alternant', '2017-08-14', '10:21:16', '2017-08-14', '12:18:52', 'Roanne', 'Mably', NULL, NULL, 7, 3),
(1161, 'visite alternant', '2017-08-15', '08:48:09', '2017-08-15', '15:45:45', 'Roanne', 'Bourg En Bresse', 213252, 213652, 4, 2),
(1162, 'visite alternant', '2017-08-17', '11:25:18', '2017-08-17', '12:28:18', 'Roanne', 'Riorges', 230472, 230478, 7, 1),
(1163, 'visite alternant', '2017-08-18', '10:40:24', '2017-08-18', '14:38:00', 'Roanne', 'Lyon', 213652, 213852, 2, 2),
(1164, 'visite stagiaire', '2017-08-20', '11:50:31', '2017-08-20', '13:24:07', 'Roanne', 'Riorges', NULL, NULL, 7, 3),
(1165, 'visite alternant', '2017-08-21', '08:32:43', '2017-08-22', '04:42:19', 'Roanne', 'Marseille', 213852, 214652, 4, 2),
(1166, 'visite alternant', '2017-08-22', '09:13:33', '2017-08-22', '10:20:09', 'Roanne', 'Mably', 230478, 230488, 3, 1),
(1167, 'visite alternant', '2017-08-24', '09:21:50', '2017-08-25', '05:31:26', 'Roanne', 'Paris', 214652, 215452, 6, 2),
(1168, 'visite alternant', '2017-08-24', '09:53:32', '2017-08-24', '11:39:08', 'Roanne', 'Le Coteau', NULL, NULL, 6, 3),
(1169, 'visite stagiaire', '2017-08-26', '10:45:42', '2017-08-26', '12:43:18', 'Roanne', 'Mably', NULL, NULL, 1, 3),
(1170, 'visite alternant', '2017-08-28', '08:05:18', '2017-08-28', '10:02:54', 'Roanne', 'Mably', NULL, NULL, 6, 3),
(1171, 'visite stagiaire', '2017-08-30', '10:33:39', '2017-08-31', '12:43:15', 'Roanne', 'Nantes', 230488, 231688, 3, 1),
(1172, 'visite alternant', '2017-09-01', '10:33:41', '2017-09-01', '12:19:17', 'Roanne', 'Le Coteau', NULL, NULL, 3, 3),
(1173, 'visite alternant', '2017-09-01', '11:54:23', '2017-09-01', '18:51:59', 'Roanne', 'Bourg En Bresse', 215452, 215852, 4, 2),
(1174, 'visite stagiaire', '2017-09-04', '09:09:09', '2017-09-04', '10:18:45', 'Roanne', 'Roanne', NULL, NULL, 4, 3),
(1175, 'visite alternant', '2017-09-05', '11:04:39', '2017-09-06', '07:14:15', 'Roanne', 'Marseille', 215852, 216652, 1, 2),
(1176, 'visite alternant', '2017-09-07', '10:05:47', '2017-09-08', '12:15:23', 'Roanne', 'Nantes', 231688, 232888, 1, 1),
(1177, 'visite stagiaire', '2017-09-07', '11:45:07', '2017-09-07', '13:18:43', 'Roanne', 'Riorges', NULL, NULL, 3, 3),
(1178, 'visite alternant', '2017-09-13', '09:16:51', '2017-09-13', '16:14:27', 'Roanne', 'Bourg En Bresse', 216652, 217052, 1, 2),
(1179, 'visite stagiaire', '2017-09-15', '09:49:51', '2017-09-15', '10:59:27', 'Roanne', 'Roanne', NULL, NULL, 1, 3),
(1180, 'visite alternant', '2017-09-15', '11:43:50', '2017-09-15', '18:41:26', 'Roanne', 'Bourg En Bresse', 232888, 233288, 1, 1),
(1181, 'visite alternant', '2017-09-16', '08:59:40', '2017-09-16', '10:57:16', 'Roanne', 'Mably', NULL, NULL, 7, 3),
(1182, 'visite stagiaire', '2017-09-17', '08:00:47', '2017-09-17', '16:28:23', 'Roanne', 'Limoges', 217052, 217552, 6, 2),
(1183, 'visite stagiaire', '2017-09-22', '08:07:32', '2017-09-23', '07:17:08', 'Roanne', 'Montpellier', 217552, 218552, 6, 2),
(1184, 'visite stagiaire', '2017-09-22', '10:36:55', '2017-09-22', '14:34:31', 'Roanne', 'Clermont Ferrand', 233288, 233488, 5, 1),
(1185, 'visite alternant', '2017-09-23', '09:39:53', '2017-09-23', '11:25:29', 'Roanne', 'Le Coteau', NULL, NULL, 1, 3),
(1186, 'visite alternant', '2017-09-27', '08:42:50', '2017-09-27', '12:40:26', 'Roanne', 'St-Etienne', 218552, 218752, 1, 2),
(1187, 'visite alternant', '2017-09-27', '11:06:28', '2017-09-27', '12:40:04', 'Roanne', 'Riorges', NULL, NULL, 1, 3),
(1188, 'visite alternant', '2017-09-28', '11:10:48', '2017-09-29', '10:20:24', 'Roanne', 'Bordeaux', 233488, 234488, 6, 1),
(1189, 'visite stagiaire', '2017-09-29', '09:31:34', '2017-09-30', '05:41:10', 'Roanne', 'Paris', 218752, 219552, 5, 2),
(1190, 'visite stagiaire', '2017-10-01', '10:33:07', '2017-10-02', '12:42:43', 'Roanne', 'Nantes', 219552, 220752, 6, 2),
(1191, 'visite stagiaire', '2017-10-03', '09:57:42', '2017-10-03', '11:07:18', 'Roanne', 'Roanne', NULL, NULL, 7, 3),
(1192, 'visite stagiaire', '2017-10-05', '09:57:54', '2017-10-05', '13:55:30', 'Roanne', 'Lyon', 234488, 234688, 5, 1),
(1193, 'visite stagiaire', '2017-10-06', '10:33:58', '2017-10-06', '22:01:34', 'Roanne', 'Poitiers', 220752, 221452, 4, 2),
(1194, 'visite alternant', '2017-10-08', '10:07:11', '2017-10-08', '11:40:47', 'Roanne', 'Riorges', NULL, NULL, 2, 3),
(1195, 'visite alternant', '2017-10-08', '11:23:46', '2017-10-08', '22:51:22', 'Roanne', 'Poitiers', 221452, 222152, 3, 2),
(1196, 'visite alternant', '2017-10-12', '11:23:38', '2017-10-12', '22:51:14', 'Roanne', 'Poitiers', 234688, 235388, 2, 1),
(1197, 'visite alternant', '2017-10-13', '09:35:53', '2017-10-13', '21:03:29', 'Roanne', 'Poitiers', 222152, 222852, 3, 2),
(1198, 'visite stagiaire', '2017-10-15', '10:28:35', '2017-10-15', '12:14:11', 'Roanne', 'Le Coteau', NULL, NULL, 5, 3),
(1199, 'visite alternant', '2017-10-17', '10:08:47', '2017-10-18', '09:18:23', 'Roanne', 'Bordeaux', 235388, 236388, 3, 1),
(1200, 'visite alternant', '2017-10-21', '09:37:18', '2017-10-22', '11:46:54', 'Roanne', 'Nantes', 222852, 224052, 1, 2),
(1201, 'visite alternant', '2017-10-22', '08:16:34', '2017-10-22', '10:02:10', 'Roanne', 'Le Coteau', NULL, NULL, 4, 3),
(1202, 'visite stagiaire', '2017-10-22', '09:20:25', '2017-10-23', '05:30:01', 'Roanne', 'Marseille', 236388, 237188, 3, 1),
(1203, 'visite stagiaire', '2017-10-25', '10:49:39', '2017-10-25', '12:47:15', 'Roanne', 'Mably', NULL, NULL, 7, 3),
(1204, 'visite stagiaire', '2017-10-27', '08:49:33', '2017-10-27', '10:35:09', 'Roanne', 'Le Coteau', NULL, NULL, 7, 3),
(1205, 'visite alternant', '2017-10-27', '09:57:53', '2017-10-28', '12:07:29', 'Roanne', 'Nantes', 224052, 225252, 7, 2),
(1206, 'visite alternant', '2017-10-29', '08:26:18', '2017-10-29', '10:23:54', 'Roanne', 'Mably', NULL, NULL, 6, 3),
(1207, 'visite alternant', '2017-10-30', '09:39:35', '2017-10-30', '13:37:11', 'Roanne', 'Lyon', 237188, 237388, 4, 1),
(1208, 'visite alternant', '2017-11-02', '09:10:35', '2017-11-03', '05:20:11', 'Roanne', 'Strasbourg', 225252, 226052, 3, 2),
(1209, 'visite alternant', '2017-11-03', '10:41:17', '2017-11-03', '11:47:53', 'Roanne', 'Mably', 237388, 237398, 7, 1),
(1210, 'visite alternant', '2017-11-04', '08:38:40', '2017-11-04', '10:36:16', 'Roanne', 'Mably', NULL, NULL, 5, 3),
(1211, 'visite stagiaire', '2017-11-07', '10:42:12', '2017-11-08', '06:51:48', 'Roanne', 'Marseille', 226052, 226852, 1, 2),
(1212, 'visite alternant', '2017-11-08', '10:42:08', '2017-11-08', '11:46:56', 'Roanne', 'Le Coteau', 237398, 237406, 1, 1),
(1213, 'visite stagiaire', '2017-11-12', '11:44:28', '2017-11-12', '13:30:04', 'Roanne', 'Le Coteau', NULL, NULL, 4, 3),
(1214, 'visite stagiaire', '2017-11-14', '09:12:29', '2017-11-14', '20:40:05', 'Roanne', 'Poitiers', 226852, 227552, 3, 2),
(1215, 'visite stagiaire', '2017-11-15', '08:42:13', '2017-11-15', '09:51:49', 'Roanne', 'Roanne', NULL, NULL, 5, 3),
(1216, 'visite stagiaire', '2017-11-15', '09:14:03', '2017-11-16', '11:23:39', 'Roanne', 'Nantes', 237406, 238606, 3, 1),
(1217, 'visite stagiaire', '2017-11-19', '11:22:04', '2017-11-19', '12:21:28', 'Roanne', 'Roanne', 238606, 238608, 2, 1),
(1218, 'visite stagiaire', '2017-11-19', '11:31:10', '2017-11-19', '12:35:58', 'Roanne', 'Le Coteau', 227552, 227560, 7, 2),
(1219, 'visite stagiaire', '2017-11-20', '11:31:20', '2017-11-20', '12:40:56', 'Roanne', 'Roanne', NULL, NULL, 1, 3),
(1220, 'visite stagiaire', '2017-11-22', '10:51:29', '2017-11-22', '12:01:05', 'Roanne', 'Roanne', NULL, NULL, 5, 3),
(1221, 'visite alternant', '2017-11-23', '09:59:27', '2017-11-23', '10:58:51', 'Roanne', 'Roanne', 238608, 238610, 1, 1),
(1222, 'visite alternant', '2017-11-25', '09:45:24', '2017-11-26', '17:55:00', 'Roanne', 'Lille', 227560, 229160, 7, 2),
(1223, 'visite alternant', '2017-11-26', '08:37:30', '2017-11-26', '09:47:06', 'Roanne', 'Roanne', NULL, NULL, 2, 3),
(1224, 'visite alternant', '2017-11-28', '10:11:06', '2017-11-28', '11:56:42', 'Roanne', 'Le Coteau', NULL, NULL, 2, 3),
(1225, 'visite stagiaire', '2017-11-29', '08:06:54', '2017-11-29', '12:04:30', 'Roanne', 'St-Etienne', 238610, 238810, 7, 1),
(1226, 'visite stagiaire', '2017-11-29', '09:31:06', '2017-11-29', '16:28:42', 'Roanne', 'Bourg En Bresse', 229160, 229560, 4, 2),
(1227, 'visite alternant', '2017-12-03', '09:05:38', '2017-12-04', '17:15:14', 'Roanne', 'Lille', 238810, 240410, 2, 1),
(1228, 'visite alternant', '2017-12-04', '11:53:58', '2017-12-04', '20:21:34', 'Roanne', 'Limoges', 229560, 230060, 6, 2),
(1229, 'visite stagiaire', '2017-12-06', '10:53:22', '2017-12-06', '12:02:58', 'Roanne', 'Roanne', NULL, NULL, 5, 3),
(1230, 'visite stagiaire', '2017-12-07', '10:11:36', '2017-12-07', '21:39:12', 'Roanne', 'Poitiers', 240410, 241110, 1, 1),
(1231, 'visite stagiaire', '2017-12-07', '11:01:04', '2017-12-07', '12:46:40', 'Roanne', 'Le Coteau', NULL, NULL, 1, 3),
(1232, 'visite alternant', '2017-12-07', '11:31:39', '2017-12-07', '12:38:15', 'Roanne', 'Mably', 230060, 230070, 5, 2),
(1233, 'visite alternant', '2017-12-10', '11:13:30', '2017-12-10', '12:47:06', 'Roanne', 'Riorges', NULL, NULL, 7, 3),
(1234, 'visite stagiaire', '2017-12-11', '08:49:07', '2017-12-11', '15:46:43', 'Roanne', 'Bourg En Bresse', 241110, 241510, 1, 1),
(1235, 'visite stagiaire', '2017-12-11', '10:43:32', '2017-12-11', '12:29:08', 'Roanne', 'Le Coteau', NULL, NULL, 1, 3),
(1236, 'visite alternant', '2017-12-12', '08:05:11', '2017-12-13', '04:14:47', 'Roanne', 'Strasbourg', 230070, 230870, 5, 2),
(1237, 'visite stagiaire', '2017-12-14', '11:36:13', '2017-12-15', '07:45:49', 'Roanne', 'Strasbourg', 241510, 242310, 5, 1),
(1238, 'visite stagiaire', '2017-12-16', '08:26:27', '2017-12-16', '12:24:03', 'Roanne', 'St-Etienne', 230870, 231070, 1, 2),
(1239, 'visite stagiaire', '2017-12-19', '10:36:36', '2017-12-19', '12:34:12', 'Roanne', 'Mably', NULL, NULL, 4, 3),
(1240, 'visite alternant', '2017-12-21', '11:11:57', '2017-12-22', '07:21:33', 'Roanne', 'Paris', 242310, 243110, 5, 1),
(1241, 'visite stagiaire', '2017-12-21', '11:22:50', '2017-12-21', '13:20:26', 'Roanne', 'Mably', NULL, NULL, 5, 3),
(1242, 'visite stagiaire', '2017-12-22', '09:12:01', '2017-12-23', '05:21:37', 'Roanne', 'Strasbourg', 231070, 231870, 5, 2),
(1243, 'visite stagiaire', '2017-12-24', '08:11:57', '2017-12-24', '09:45:33', 'Roanne', 'Riorges', NULL, NULL, 6, 3),
(1244, 'visite stagiaire', '2017-12-25', '11:13:40', '2017-12-25', '19:41:16', 'Roanne', 'Limoges', 243110, 243610, 3, 1),
(1245, 'visite alternant', '2017-12-29', '08:08:46', '2017-12-29', '12:06:22', 'Roanne', 'St-Etienne', 243610, 243810, 2, 1),
(1246, 'visite alternant', '2017-12-29', '11:15:54', '2017-12-29', '13:13:30', 'Roanne', 'Mably', NULL, NULL, 5, 3),
(1247, 'visite stagiaire', '2017-12-29', '11:44:06', '2017-12-30', '19:53:42', 'Roanne', 'Lille', 231870, 233470, 2, 2),
(1248, 'visite stagiaire', '2018-01-03', '09:22:26', '2018-01-03', '11:20:02', 'Roanne', 'Mably', NULL, NULL, 6, 3),
(1249, 'visite alternant', '2018-01-04', '11:15:07', '2018-01-04', '15:12:43', 'Roanne', 'St-Etienne', 243810, 244010, 7, 1),
(1250, 'visite stagiaire', '2018-01-05', '11:42:21', '2018-01-05', '12:45:21', 'Roanne', 'Riorges', 233470, 233476, 2, 2),
(1251, 'visite alternant', '2018-01-08', '08:30:08', '2018-01-09', '10:39:44', 'Roanne', 'Nantes', 233476, 234676, 2, 2),
(1252, 'visite stagiaire', '2018-01-08', '09:04:54', '2018-01-08', '10:50:30', 'Roanne', 'Le Coteau', NULL, NULL, 6, 3),
(1253, 'visite alternant', '2018-01-10', '10:30:36', '2018-01-10', '11:37:12', 'Roanne', 'Mably', 244010, 244020, 6, 1),
(1254, 'visite alternant', '2018-01-13', '08:43:54', '2018-01-13', '09:53:30', 'Roanne', 'Roanne', NULL, NULL, 2, 3),
(1255, 'visite alternant', '2018-01-13', '11:03:16', '2018-01-14', '19:12:52', 'Roanne', 'Lille', 234676, 236276, 4, 2);
INSERT INTO `trajet` (`idTrajet`, `nature`, `dateDepart`, `heureDepart`, `dateArrivee`, `heureArrivee`, `lieuDepart`, `destination`, `kilometrageDepart`, `kilometrageRetour`, `idPersonne`, `idVehicule`) VALUES
(1256, 'visite stagiaire', '2018-01-15', '09:55:23', '2018-01-15', '11:28:59', 'Roanne', 'Riorges', NULL, NULL, 4, 3),
(1257, 'visite alternant', '2018-01-17', '09:29:04', '2018-01-18', '05:38:40', 'Roanne', 'Marseille', 244020, 244820, 1, 1),
(1258, 'visite alternant', '2018-01-19', '10:08:30', '2018-01-20', '06:18:06', 'Roanne', 'Paris', 236276, 237076, 5, 2),
(1259, 'visite stagiaire', '2018-01-21', '11:30:44', '2018-01-21', '13:28:20', 'Roanne', 'Mably', NULL, NULL, 3, 3),
(1260, 'visite alternant', '2018-01-22', '09:07:57', '2018-01-23', '11:17:33', 'Roanne', 'Nantes', 237076, 238276, 3, 2),
(1261, 'visite stagiaire', '2018-01-23', '09:52:27', '2018-01-24', '06:02:03', 'Roanne', 'Strasbourg', 244820, 245620, 5, 1),
(1262, 'visite stagiaire', '2018-01-25', '10:41:07', '2018-01-25', '12:14:43', 'Roanne', 'Riorges', NULL, NULL, 3, 3),
(1263, 'visite alternant', '2018-01-29', '11:45:25', '2018-01-29', '13:31:01', 'Roanne', 'Le Coteau', NULL, NULL, 3, 3),
(1264, 'visite alternant', '2018-01-30', '10:14:02', '2018-01-30', '14:11:38', 'Roanne', 'Clermont Ferrand', 238276, 238476, 3, 2),
(1265, 'visite stagiaire', '2018-01-30', '11:28:16', '2018-01-30', '12:33:04', 'Roanne', 'Le Coteau', 245620, 245628, 4, 1),
(1266, 'visite stagiaire', '2018-02-04', '11:17:31', '2018-02-04', '19:45:07', 'Roanne', 'Limoges', 238476, 238976, 1, 2),
(1267, 'visite alternant', '2018-02-05', '10:37:29', '2018-02-05', '11:47:05', 'Roanne', 'Roanne', NULL, NULL, 3, 3),
(1268, 'visite alternant', '2018-02-06', '08:58:57', '2018-02-07', '05:08:33', 'Roanne', 'Strasbourg', 245628, 246428, 6, 1),
(1269, 'visite alternant', '2018-02-09', '11:06:35', '2018-02-10', '07:16:11', 'Roanne', 'Marseille', 246428, 247228, 2, 1),
(1270, 'visite stagiaire', '2018-02-11', '09:42:02', '2018-02-11', '10:51:38', 'Roanne', 'Roanne', NULL, NULL, 3, 3),
(1271, 'visite stagiaire', '2018-02-11', '10:35:19', '2018-02-11', '14:32:55', 'Roanne', 'St-Etienne', 238976, 239176, 6, 2),
(1272, 'visite stagiaire', '2018-02-12', '11:19:12', '2018-02-13', '10:28:48', 'Roanne', 'Bordeaux', 247228, 248228, 5, 1),
(1273, 'visite stagiaire', '2018-02-15', '08:27:04', '2018-02-15', '09:30:04', 'Roanne', 'Riorges', 239176, 239182, 2, 2),
(1274, 'visite stagiaire', '2018-02-15', '11:34:35', '2018-02-15', '15:32:11', 'Roanne', 'Lyon', 248228, 248428, 2, 1),
(1275, 'visite stagiaire', '2018-02-18', '08:31:59', '2018-02-18', '10:05:35', 'Roanne', 'Riorges', NULL, NULL, 5, 3),
(1276, 'visite alternant', '2018-02-19', '11:13:11', '2018-02-20', '19:22:47', 'Roanne', 'Lille', 239182, 240782, 5, 2),
(1277, 'visite stagiaire', '2018-02-21', '09:51:24', '2018-02-21', '21:19:00', 'Roanne', 'Poitiers', 248428, 249128, 7, 1),
(1278, 'visite alternant', '2018-02-21', '11:19:36', '2018-02-21', '12:29:12', 'Roanne', 'Roanne', NULL, NULL, 6, 3),
(1279, 'visite stagiaire', '2018-02-24', '08:18:01', '2018-02-24', '09:17:25', 'Roanne', 'Roanne', 249128, 249130, 4, 1),
(1280, 'visite stagiaire', '2018-02-24', '11:59:12', '2018-02-24', '13:44:48', 'Roanne', 'Le Coteau', NULL, NULL, 2, 3),
(1281, 'visite alternant', '2018-02-28', '08:49:47', '2018-03-01', '07:59:23', 'Roanne', 'Bordeaux', 240782, 241782, 5, 2),
(1282, 'visite alternant', '2018-02-28', '11:56:18', '2018-02-28', '13:41:54', 'Roanne', 'Le Coteau', NULL, NULL, 1, 3),
(1283, 'visite stagiaire', '2018-03-01', '10:57:47', '2018-03-02', '07:07:23', 'Roanne', 'Strasbourg', 249130, 249930, 7, 1),
(1284, 'visite stagiaire', '2018-03-03', '09:00:05', '2018-03-03', '10:57:41', 'Roanne', 'Mably', NULL, NULL, 2, 3),
(1285, 'visite stagiaire', '2018-03-03', '10:51:57', '2018-03-03', '14:49:33', 'Roanne', 'St-Etienne', 241782, 241982, 4, 2),
(1286, 'visite stagiaire', '2018-03-06', '09:02:09', '2018-03-06', '15:59:45', 'Roanne', 'Bourg En Bresse', 241982, 242382, 6, 2),
(1287, 'visite alternant', '2018-03-06', '10:24:38', '2018-03-06', '17:22:14', 'Roanne', 'Bourg En Bresse', 249930, 250330, 7, 1),
(1288, 'visite stagiaire', '2018-03-07', '08:36:24', '2018-03-08', '07:46:00', 'Roanne', 'Bordeaux', 242382, 243382, 5, 2),
(1289, 'visite stagiaire', '2018-03-08', '09:14:52', '2018-03-08', '11:12:28', 'Roanne', 'Mably', NULL, NULL, 6, 3),
(1290, 'visite alternant', '2018-03-08', '10:46:11', '2018-03-09', '09:55:47', 'Roanne', 'Bordeaux', 250330, 251330, 7, 1),
(1291, 'visite alternant', '2018-03-12', '08:21:35', '2018-03-13', '04:31:11', 'Roanne', 'Strasbourg', 251330, 252130, 4, 1),
(1292, 'visite alternant', '2018-03-12', '10:32:52', '2018-03-12', '11:35:52', 'Roanne', 'Riorges', 243382, 243388, 6, 2),
(1293, 'visite alternant', '2018-03-15', '08:27:40', '2018-03-15', '09:32:28', 'Roanne', 'Le Coteau', 252130, 252138, 1, 1),
(1294, 'visite alternant', '2018-03-15', '10:16:17', '2018-03-16', '06:25:53', 'Roanne', 'Strasbourg', 243388, 244188, 5, 2),
(1295, 'visite alternant', '2018-03-16', '10:08:29', '2018-03-16', '11:54:05', 'Roanne', 'Le Coteau', NULL, NULL, 7, 3),
(1296, 'visite stagiaire', '2018-03-18', '08:42:03', '2018-03-18', '10:39:39', 'Roanne', 'Mably', NULL, NULL, 6, 3),
(1297, 'visite stagiaire', '2018-03-21', '10:28:44', '2018-03-21', '17:26:20', 'Roanne', 'Bourg En Bresse', 244188, 244588, 2, 2),
(1298, 'visite stagiaire', '2018-03-22', '10:44:00', '2018-03-23', '06:53:36', 'Roanne', 'Paris', 252138, 252938, 5, 1),
(1299, 'visite stagiaire', '2018-03-24', '09:53:44', '2018-03-24', '11:27:20', 'Roanne', 'Riorges', NULL, NULL, 1, 3),
(1300, 'visite alternant', '2018-03-25', '08:11:00', '2018-03-25', '12:08:36', 'Roanne', 'Clermont Ferrand', 252938, 253138, 5, 1),
(1301, 'visite stagiaire', '2018-03-27', '11:13:58', '2018-03-28', '13:23:34', 'Roanne', 'Nantes', 244588, 245788, 4, 2),
(1302, 'visite alternant', '2018-03-27', '11:40:45', '2018-03-27', '13:26:21', 'Roanne', 'Le Coteau', NULL, NULL, 5, 3),
(1303, 'visite alternant', '2018-03-30', '09:00:33', '2018-03-30', '10:46:09', 'Roanne', 'Le Coteau', NULL, NULL, 4, 3),
(1304, 'visite alternant', '2018-03-31', '08:19:05', '2018-03-31', '10:16:41', 'Roanne', 'Mably', NULL, NULL, 7, 3),
(1305, 'visite alternant', '2018-03-31', '11:26:38', '2018-03-31', '15:24:14', 'Roanne', 'St-Etienne', 253138, 253338, 3, 1),
(1306, 'visite alternant', '2018-04-02', '08:42:03', '2018-04-02', '10:39:39', 'Roanne', 'Mably', NULL, NULL, 4, 3),
(1307, 'visite alternant', '2018-04-03', '08:07:30', '2018-04-03', '19:35:06', 'Roanne', 'Poitiers', 253338, 254038, 1, 1),
(1308, 'visite stagiaire', '2018-04-03', '11:42:42', '2018-04-03', '12:45:42', 'Roanne', 'Riorges', 245788, 245794, 2, 2),
(1309, 'visite stagiaire', '2018-04-05', '09:51:06', '2018-04-05', '10:57:42', 'Roanne', 'Mably', 254038, 254048, 2, 1),
(1310, 'visite alternant', '2018-04-08', '09:20:42', '2018-04-08', '11:06:18', 'Roanne', 'Le Coteau', NULL, NULL, 7, 3),
(1311, 'visite stagiaire', '2018-04-11', '11:55:37', '2018-04-11', '13:00:25', 'Roanne', 'Le Coteau', 245794, 245802, 3, 2),
(1312, 'visite alternant', '2018-04-12', '08:42:11', '2018-04-12', '20:09:47', 'Roanne', 'Poitiers', 254048, 254748, 2, 1),
(1313, 'visite stagiaire', '2018-04-13', '09:31:38', '2018-04-13', '10:31:02', 'Roanne', 'Roanne', 245802, 245804, 3, 2),
(1314, 'visite stagiaire', '2018-04-15', '08:40:51', '2018-04-15', '10:38:27', 'Roanne', 'Mably', NULL, NULL, 4, 3),
(1315, 'visite stagiaire', '2018-04-16', '11:34:06', '2018-04-16', '12:43:42', 'Roanne', 'Roanne', NULL, NULL, 4, 3),
(1316, 'visite alternant', '2018-04-18', '09:01:22', '2018-04-18', '10:34:58', 'Roanne', 'Riorges', NULL, NULL, 2, 3),
(1317, 'visite stagiaire', '2018-04-18', '10:38:26', '2018-04-19', '12:48:02', 'Roanne', 'Nantes', 254748, 255948, 6, 1),
(1318, 'visite stagiaire', '2018-04-21', '09:11:41', '2018-04-21', '10:16:29', 'Roanne', 'Le Coteau', 255948, 255956, 4, 1),
(1319, 'visite stagiaire', '2018-04-21', '09:46:46', '2018-04-21', '21:14:22', 'Roanne', 'Poitiers', 245804, 246504, 1, 2),
(1320, 'visite stagiaire', '2018-04-24', '11:17:48', '2018-04-24', '15:15:24', 'Roanne', 'St-Etienne', 246504, 246704, 1, 2),
(1321, 'visite stagiaire', '2018-04-25', '08:28:25', '2018-04-25', '10:02:01', 'Roanne', 'Riorges', NULL, NULL, 1, 3),
(1322, 'visite stagiaire', '2018-04-25', '10:45:29', '2018-04-25', '14:43:05', 'Roanne', 'St-Etienne', 246704, 246904, 1, 2),
(1323, 'visite alternant', '2018-04-26', '09:27:04', '2018-04-26', '10:36:40', 'Roanne', 'Roanne', NULL, NULL, 5, 3),
(1324, 'visite stagiaire', '2018-04-29', '09:44:23', '2018-04-29', '10:49:11', 'Roanne', 'Le Coteau', 246904, 246912, 6, 2),
(1325, 'visite stagiaire', '2018-04-29', '10:48:56', '2018-04-29', '11:51:56', 'Roanne', 'Riorges', 255956, 255962, 3, 1),
(1326, 'visite alternant', '2018-04-30', '11:27:45', '2018-04-30', '13:01:21', 'Roanne', 'Riorges', NULL, NULL, 2, 3),
(1327, 'visite alternant', '2018-05-03', '09:31:39', '2018-05-04', '11:41:15', 'Roanne', 'Nantes', 255962, 257162, 3, 1),
(1328, 'visite stagiaire', '2018-05-04', '08:12:56', '2018-05-05', '04:22:32', 'Roanne', 'Paris', 246912, 247712, 6, 2),
(1329, 'visite stagiaire', '2018-05-07', '09:11:43', '2018-05-08', '17:21:19', 'Roanne', 'Lille', 247712, 249312, 4, 2),
(1330, 'visite alternant', '2018-05-07', '10:42:41', '2018-05-07', '12:16:17', 'Roanne', 'Riorges', NULL, NULL, 2, 3),
(1331, 'visite stagiaire', '2018-05-07', '10:43:26', '2018-05-07', '14:41:02', 'Roanne', 'Clermont Ferrand', 257162, 257362, 6, 1),
(1332, 'visite alternant', '2018-05-09', '10:55:58', '2018-05-09', '22:23:34', 'Roanne', 'Poitiers', 257362, 258062, 4, 1),
(1333, 'visite alternant', '2018-05-11', '09:01:56', '2018-05-11', '10:35:32', 'Roanne', 'Riorges', NULL, NULL, 1, 3),
(1334, 'visite alternant', '2018-05-11', '11:44:09', '2018-05-12', '07:53:45', 'Roanne', 'Strasbourg', 258062, 258862, 3, 1),
(1335, 'visite alternant', '2018-05-14', '09:49:12', '2018-05-14', '16:46:48', 'Roanne', 'Bourg En Bresse', 249312, 249712, 1, 2),
(1336, 'visite alternant', '2018-05-14', '11:33:48', '2018-05-14', '13:31:24', 'Roanne', 'Mably', NULL, NULL, 3, 3),
(1337, 'visite alternant', '2018-05-16', '08:47:37', '2018-05-17', '04:57:13', 'Roanne', 'Strasbourg', 249712, 250512, 2, 2),
(1338, 'visite alternant', '2018-05-16', '09:21:58', '2018-05-17', '17:31:34', 'Roanne', 'Lille', 258862, 260462, 5, 1),
(1339, 'visite alternant', '2018-05-20', '09:44:53', '2018-05-20', '11:18:29', 'Roanne', 'Riorges', NULL, NULL, 2, 3),
(1340, 'visite alternant', '2018-05-21', '08:00:19', '2018-05-22', '16:09:55', 'Roanne', 'Lille', 260462, 262062, 6, 1),
(1341, 'visite stagiaire', '2018-05-21', '08:36:12', '2018-05-21', '15:33:48', 'Roanne', 'Bourg En Bresse', 250512, 250912, 2, 2),
(1342, 'visite stagiaire', '2018-05-24', '11:05:16', '2018-05-25', '07:14:52', 'Roanne', 'Paris', 262062, 262862, 4, 1),
(1343, 'visite stagiaire', '2018-05-24', '11:51:47', '2018-05-24', '13:01:23', 'Roanne', 'Roanne', NULL, NULL, 5, 3),
(1344, 'visite alternant', '2018-05-26', '10:31:12', '2018-05-26', '12:28:48', 'Roanne', 'Mably', NULL, NULL, 3, 3),
(1345, 'visite stagiaire', '2018-05-28', '10:22:31', '2018-05-29', '09:32:07', 'Roanne', 'Bordeaux', 250912, 251912, 6, 2),
(1346, 'visite alternant', '2018-05-31', '08:51:35', '2018-05-31', '10:25:11', 'Roanne', 'Riorges', NULL, NULL, 1, 3),
(1347, 'visite stagiaire', '2018-05-31', '10:24:26', '2018-05-31', '21:52:02', 'Roanne', 'Poitiers', 262862, 263562, 5, 1),
(1348, 'visite stagiaire', '2018-06-01', '10:10:39', '2018-06-01', '12:08:15', 'Roanne', 'Mably', NULL, NULL, 3, 3),
(1349, 'visite stagiaire', '2018-06-02', '10:13:11', '2018-06-03', '09:22:47', 'Roanne', 'Bordeaux', 251912, 252912, 2, 2),
(1350, 'visite alternant', '2018-06-07', '08:11:45', '2018-06-08', '10:21:21', 'Roanne', 'Nantes', 263562, 264762, 3, 1),
(1351, 'visite stagiaire', '2018-06-07', '11:10:47', '2018-06-08', '07:20:23', 'Roanne', 'Strasbourg', 252912, 253712, 5, 2),
(1352, 'visite alternant', '2018-06-09', '11:17:46', '2018-06-09', '12:51:22', 'Roanne', 'Riorges', NULL, NULL, 2, 3),
(1353, 'visite alternant', '2018-06-10', '09:49:34', '2018-06-10', '11:23:10', 'Roanne', 'Riorges', NULL, NULL, 5, 3),
(1354, 'visite alternant', '2018-06-12', '09:29:23', '2018-06-13', '11:38:59', 'Roanne', 'Nantes', 264762, 265962, 5, 1),
(1355, 'visite stagiaire', '2018-06-13', '09:06:48', '2018-06-13', '10:52:24', 'Roanne', 'Le Coteau', NULL, NULL, 1, 3),
(1356, 'visite stagiaire', '2018-06-15', '10:28:18', '2018-06-16', '18:37:54', 'Roanne', 'Lille', 253712, 255312, 4, 2),
(1357, 'visite alternant', '2018-06-16', '08:33:51', '2018-06-16', '09:36:51', 'Roanne', 'Riorges', 265962, 265968, 6, 1),
(1358, 'visite alternant', '2018-06-20', '10:57:29', '2018-06-20', '12:31:05', 'Roanne', 'Riorges', NULL, NULL, 2, 3),
(1359, 'visite alternant', '2018-06-22', '09:05:56', '2018-06-23', '08:15:32', 'Roanne', 'Montpellier', 255312, 256312, 2, 2),
(1360, 'visite alternant', '2018-06-24', '11:56:32', '2018-06-24', '15:54:08', 'Roanne', 'St-Etienne', 265968, 266168, 4, 1),
(1361, 'visite stagiaire', '2018-06-26', '10:47:53', '2018-06-26', '12:21:29', 'Roanne', 'Riorges', NULL, NULL, 5, 3),
(1362, 'visite alternant', '2018-06-29', '10:03:15', '2018-06-29', '12:00:51', 'Roanne', 'Mably', NULL, NULL, 7, 3),
(1363, 'visite alternant', '2018-06-29', '11:45:17', '2018-06-29', '12:48:17', 'Roanne', 'Riorges', 256312, 256318, 4, 2),
(1364, 'visite alternant', '2018-07-01', '09:51:44', '2018-07-01', '10:58:20', 'Roanne', 'Mably', 266168, 266178, 2, 1),
(1365, 'visite stagiaire', '2018-07-02', '10:06:06', '2018-07-03', '06:15:42', 'Roanne', 'Paris', 256318, 257118, 2, 2),
(1366, 'visite alternant', '2018-07-03', '09:48:10', '2018-07-03', '10:57:46', 'Roanne', 'Roanne', NULL, NULL, 5, 3),
(1367, 'visite alternant', '2018-07-04', '11:24:03', '2018-07-04', '22:51:39', 'Roanne', 'Poitiers', 266178, 266878, 1, 1),
(1368, 'visite alternant', '2018-07-07', '08:26:29', '2018-07-08', '16:36:05', 'Roanne', 'Lille', 257118, 258718, 5, 2),
(1369, 'visite stagiaire', '2018-07-08', '08:59:39', '2018-07-08', '10:57:15', 'Roanne', 'Mably', NULL, NULL, 6, 3),
(1370, 'visite alternant', '2018-07-10', '09:39:05', '2018-07-10', '13:36:41', 'Roanne', 'Clermont Ferrand', 258718, 258918, 1, 2),
(1371, 'visite stagiaire', '2018-07-10', '10:36:55', '2018-07-10', '11:39:55', 'Roanne', 'Riorges', 266878, 266884, 1, 1),
(1372, 'visite stagiaire', '2018-07-14', '11:55:40', '2018-07-14', '13:29:16', 'Roanne', 'Riorges', NULL, NULL, 7, 3),
(1373, 'visite alternant', '2018-07-16', '11:47:14', '2018-07-16', '23:14:50', 'Roanne', 'Poitiers', 266884, 267584, 4, 1),
(1374, 'visite stagiaire', '2018-07-18', '10:06:13', '2018-07-19', '06:15:49', 'Roanne', 'Paris', 258918, 259718, 6, 2),
(1375, 'visite alternant', '2018-07-21', '08:19:56', '2018-07-22', '04:29:32', 'Roanne', 'Marseille', 259718, 260518, 2, 2),
(1376, 'visite alternant', '2018-07-23', '10:47:41', '2018-07-24', '06:57:17', 'Roanne', 'Paris', 267584, 268384, 2, 1),
(1377, 'visite alternant', '2018-07-26', '10:37:37', '2018-07-27', '06:47:13', 'Roanne', 'Marseille', 260518, 261318, 3, 2),
(1378, 'visite alternant', '2018-07-31', '09:50:25', '2018-08-01', '06:00:01', 'Roanne', 'Strasbourg', 268384, 269184, 4, 1),
(1379, 'visite stagiaire', '2018-07-31', '11:29:33', '2018-07-31', '12:32:33', 'Roanne', 'Riorges', 261318, 261324, 1, 2),
(1380, 'visite stagiaire', '2018-08-02', '08:25:37', '2018-08-03', '04:35:13', 'Roanne', 'Paris', 269184, 269984, 4, 1),
(1381, 'visite stagiaire', '2018-08-03', '11:57:28', '2018-08-03', '12:56:52', 'Roanne', 'Roanne', 261324, 261326, 7, 2),
(1382, 'visite stagiaire', '2018-08-09', '10:42:30', '2018-08-09', '17:40:06', 'Roanne', 'Bourg En Bresse', 269984, 270384, 2, 1),
(1383, 'visite alternant', '2018-08-11', '09:06:48', '2018-08-11', '20:34:24', 'Roanne', 'Poitiers', 261326, 262026, 5, 2),
(1384, 'visite stagiaire', '2018-08-12', '11:33:35', '2018-08-12', '15:31:11', 'Roanne', 'Lyon', 270384, 270584, 2, 1),
(1385, 'visite stagiaire', '2018-08-14', '08:12:45', '2018-08-14', '12:10:21', 'Roanne', 'Lyon', 270584, 270784, 1, 1),
(1386, 'visite stagiaire', '2018-08-16', '11:15:36', '2018-08-16', '15:13:12', 'Roanne', 'St-Etienne', 262026, 262226, 2, 2),
(1387, 'visite alternant', '2018-08-17', '10:30:54', '2018-08-17', '21:58:30', 'Roanne', 'Poitiers', 262226, 262926, 3, 2),
(1388, 'visite stagiaire', '2018-08-19', '11:15:52', '2018-08-20', '19:25:28', 'Roanne', 'Lille', 270784, 272384, 1, 1),
(1389, 'visite alternant', '2018-08-21', '11:54:45', '2018-08-21', '12:59:33', 'Roanne', 'Le Coteau', 262926, 262934, 2, 2),
(1390, 'visite stagiaire', '2018-08-23', '10:24:14', '2018-08-23', '11:27:14', 'Roanne', 'Riorges', 262934, 262940, 7, 2),
(1391, 'visite alternant', '2018-08-26', '08:09:37', '2018-08-26', '09:16:13', 'Roanne', 'Mably', 272384, 272394, 3, 1),
(1392, 'visite alternant', '2018-08-27', '10:29:14', '2018-08-27', '17:26:50', 'Roanne', 'Bourg En Bresse', 262940, 263340, 5, 2),
(1393, 'visite stagiaire', '2018-08-29', '10:40:46', '2018-08-30', '12:50:22', 'Roanne', 'Nantes', 263340, 264540, 5, 2),
(1394, 'visite alternant', '2018-08-29', '11:31:58', '2018-08-30', '07:41:34', 'Roanne', 'Strasbourg', 272394, 273194, 5, 1),
(1395, 'visite alternant', '2018-09-04', '08:07:39', '2018-09-04', '16:35:15', 'Roanne', 'Limoges', 264540, 265040, 5, 2),
(1396, 'visite alternant', '2018-09-06', '11:02:53', '2018-09-06', '15:00:29', 'Roanne', 'St-Etienne', 273194, 273394, 4, 1),
(1397, 'visite stagiaire', '2018-09-09', '11:20:18', '2018-09-10', '07:29:54', 'Roanne', 'Strasbourg', 273394, 274194, 6, 1),
(1398, 'visite stagiaire', '2018-09-11', '09:14:43', '2018-09-11', '10:19:31', 'Roanne', 'Le Coteau', 265040, 265048, 2, 2),
(1399, 'visite stagiaire', '2018-09-16', '11:59:49', '2018-09-17', '08:09:25', 'Roanne', 'Strasbourg', 265048, 265848, 4, 2),
(1400, 'visite alternant', '2018-09-17', '09:13:04', '2018-09-18', '11:22:40', 'Roanne', 'Nantes', 274194, 275394, 3, 1),
(1401, 'visite stagiaire', '2018-09-20', '10:55:57', '2018-09-20', '14:53:33', 'Roanne', 'St-Etienne', 275394, 275594, 6, 1),
(1402, 'visite stagiaire', '2018-09-21', '09:04:11', '2018-09-21', '10:03:35', 'Roanne', 'Roanne', 265848, 265850, 1, 2),
(1403, 'visite alternant', '2018-09-25', '08:01:22', '2018-09-25', '11:58:58', 'Roanne', 'Lyon', 275594, 275794, 3, 1),
(1404, 'visite stagiaire', '2018-09-26', '10:02:07', '2018-09-27', '09:11:43', 'Roanne', 'Montpellier', 265850, 266850, 3, 2),
(1405, 'visite stagiaire', '2018-09-27', '08:43:13', '2018-09-27', '12:40:49', 'Roanne', 'St-Etienne', 275794, 275994, 5, 1),
(1406, 'visite alternant', '2018-10-01', '10:05:53', '2018-10-01', '18:33:29', 'Roanne', 'Limoges', 275994, 276494, 3, 1),
(1407, 'visite stagiaire', '2018-10-01', '10:27:56', '2018-10-01', '21:55:32', 'Roanne', 'Poitiers', 266850, 267550, 3, 2),
(1408, 'visite alternant', '2018-10-05', '09:47:32', '2018-10-05', '16:45:08', 'Roanne', 'Bourg En Bresse', 267550, 267950, 2, 2),
(1409, 'visite alternant', '2018-10-09', '09:19:57', '2018-10-09', '10:22:57', 'Roanne', 'Riorges', 276494, 276500, 2, 1),
(1410, 'visite alternant', '2018-10-13', '08:22:28', '2018-10-13', '19:50:04', 'Roanne', 'Poitiers', 267950, 268650, 3, 2),
(1411, 'visite alternant', '2018-10-15', '10:02:51', '2018-10-15', '14:00:27', 'Roanne', 'Clermont Ferrand', 276500, 276700, 3, 1),
(1412, 'visite stagiaire', '2018-10-16', '10:48:38', '2018-10-17', '06:58:14', 'Roanne', 'Paris', 276700, 277500, 4, 1),
(1413, 'visite alternant', '2018-10-17', '08:58:18', '2018-10-17', '10:01:18', 'Roanne', 'Riorges', 268650, 268656, 6, 2),
(1414, 'visite stagiaire', '2018-10-23', '10:29:08', '2018-10-23', '14:26:44', 'Roanne', 'St-Etienne', 268656, 268856, 5, 2),
(1415, 'visite alternant', '2018-10-24', '09:39:29', '2018-10-24', '21:07:05', 'Roanne', 'Poitiers', 277500, 278200, 3, 1),
(1416, 'visite alternant', '2018-10-26', '09:31:52', '2018-10-26', '10:34:52', 'Roanne', 'Riorges', 268856, 268862, 3, 2),
(1417, 'visite alternant', '2018-10-28', '11:49:37', '2018-10-28', '23:17:13', 'Roanne', 'Poitiers', 268862, 269562, 6, 2),
(1418, 'visite alternant', '2018-10-31', '10:49:31', '2018-10-31', '17:47:07', 'Roanne', 'Bourg En Bresse', 278200, 278600, 5, 1),
(1419, 'visite stagiaire', '2018-11-04', '11:28:05', '2018-11-05', '07:37:41', 'Roanne', 'Marseille', 269562, 270362, 6, 2),
(1420, 'visite stagiaire', '2018-11-05', '10:21:16', '2018-11-05', '17:18:52', 'Roanne', 'Bourg En Bresse', 278600, 279000, 2, 1),
(1421, 'visite stagiaire', '2018-11-06', '10:22:17', '2018-11-06', '21:49:53', 'Roanne', 'Poitiers', 270362, 271062, 6, 2),
(1422, 'visite alternant', '2018-11-09', '10:11:34', '2018-11-09', '14:09:10', 'Roanne', 'Clermont Ferrand', 279000, 279200, 2, 1),
(1423, 'visite stagiaire', '2018-11-12', '08:20:39', '2018-11-12', '12:18:15', 'Roanne', 'St-Etienne', 279200, 279400, 5, 1),
(1424, 'visite alternant', '2018-11-18', '09:59:04', '2018-11-18', '10:58:28', 'Roanne', 'Roanne', 279400, 279402, 6, 1),
(1425, 'visite alternant', '2018-11-20', '08:36:54', '2018-11-20', '09:41:42', 'Roanne', 'Le Coteau', 279402, 279410, 1, 1);

-- --------------------------------------------------------

--
-- Structure de la table `vehicule`
--

CREATE TABLE `vehicule` (
  `idVehicule` int(11) NOT NULL,
  `immatriculation` varchar(50) NOT NULL,
  `marque` varchar(50) NOT NULL,
  `type` varchar(50) NOT NULL
) ENGINE=InnoDB DEFAULT CHARSET=utf8 COLLATE=utf8_general_ci;

--
-- Déchargement des données de la table `vehicule`
--

INSERT INTO `vehicule` (`idVehicule`, `immatriculation`, `marque`, `type`) VALUES
(1, 'EM-240-EH', 'Renault', 'Megane'),
(2, 'DR-479-KJ', 'Peugeot', '3008'),
(3, '', 'Mercier', 'Velo');

--
-- Index pour les tables déchargées
--

--
-- Index pour la table `accompagner`
--
ALTER TABLE `accompagner`
  ADD PRIMARY KEY (`idTrajet`,`idPersonne`),
  ADD KEY `Effectuer_Personne0_FK` (`idPersonne`),
  ADD KEY `idPersonne` (`idPersonne`),
  ADD KEY `idTrajet` (`idTrajet`);

--
-- Index pour la table `personne`
--
ALTER TABLE `personne`
  ADD PRIMARY KEY (`idPersonne`);

--
-- Index pour la table `trajet`
--
ALTER TABLE `trajet`
  ADD PRIMARY KEY (`idTrajet`),
  ADD KEY `Trajet_Personne_FK` (`idPersonne`),
  ADD KEY `Trajet_Vehicule0_FK` (`idVehicule`);

--
-- Index pour la table `vehicule`
--
ALTER TABLE `vehicule`
  ADD PRIMARY KEY (`idVehicule`);

--
-- AUTO_INCREMENT pour les tables déchargées
--

--
-- AUTO_INCREMENT pour la table `personne`
--
ALTER TABLE `personne`
  MODIFY `idPersonne` int(11) NOT NULL AUTO_INCREMENT, AUTO_INCREMENT=8;

--
-- AUTO_INCREMENT pour la table `trajet`
--
ALTER TABLE `trajet`
  MODIFY `idTrajet` int(11) NOT NULL AUTO_INCREMENT, AUTO_INCREMENT=1426;

--
-- AUTO_INCREMENT pour la table `vehicule`
--
ALTER TABLE `vehicule`
  MODIFY `idVehicule` int(11) NOT NULL AUTO_INCREMENT, AUTO_INCREMENT=4;

--
-- Contraintes pour les tables déchargées
--

--
-- Contraintes pour la table `accompagner`
--
ALTER TABLE `accompagner`
  ADD CONSTRAINT `Effectuer_Personne0_FK` FOREIGN KEY (`idPersonne`) REFERENCES `personne` (`idPersonne`),
  ADD CONSTRAINT `Effectuer_Trajet_FK` FOREIGN KEY (`idTrajet`) REFERENCES `trajet` (`idTrajet`);

--
-- Contraintes pour la table `trajet`
--
ALTER TABLE `trajet`
  ADD CONSTRAINT `Trajet_Personne_FK` FOREIGN KEY (`idPersonne`) REFERENCES `personne` (`idPersonne`),
  ADD CONSTRAINT `Trajet_Vehicule0_FK` FOREIGN KEY (`idVehicule`) REFERENCES `vehicule` (`idVehicule`);
COMMIT;

/*!40101 SET CHARACTER_SET_CLIENT=@OLD_CHARACTER_SET_CLIENT */;
/*!40101 SET CHARACTER_SET_RESULTS=@OLD_CHARACTER_SET_RESULTS */;
/*!40101 SET COLLATION_CONNECTION=@OLD_COLLATION_CONNECTION */;
